{"type":"FeatureCollection","features":[{"type":"Feature","geometry":{"type":"Point","coordinates":[-82.135,49.3553]},"properties":{"source":"cwfis","country":"CA","agency":"ON","sensor":"SLSTR · S3A","detected":"2026-10-10T02:23:18Z","intensity":3,"area_ha":null,"level":0}},{"type":"Feature","geometry":{"type":"Point","coordinates":[-112.165,36.7492]},"properties":{"source":"cwfis","country":"US","agency":"AZ","sensor":"MODIS · Terra","detected":"2026-10-10T03:04:00Z","intensity":6628,"area_ha":null,"level":1}},{"type":"Feature","geometry":{"type":"Point","coordinates":[-100.4481,31.4334]},"properties":{"source":"cwfis","country":"US","agency":"TX","sensor":"MODIS · Terra","detected":"2026-10-10T03:04:00Z","intensity":1149,"area_ha":null,"level":0}},{"type":"Feature","geometry":{"type":"Point","coordinates":[-96.4341,34.3008]},"properties":{"source":"cwfis","country":"US","agency":"OK","sensor":"MODIS · Terra","detected":"2026-10-10T03:04:00Z","intensity":0,"area_ha":null,"level":0}},{"type":"Feature","geometry":{"type":"Point","coordinates":[-107.201,44.7517]},"properties":{"source":"cwfis","country":"US","agency":"WY","sensor":"MODIS · Terra","detected":"2026-10-10T03:06:00Z","intensity":0,"area_ha":null,"level":0}},{"type":"Feature","geometry":{"type":"Point","coordinates":[-111.6079,39.0647]},"properties":{"source":"cwfis","country":"US","agency":"UT","sensor":"MODIS · Terra","detected":"2026-10-10T03:06:00Z","intensity":31946,"area_ha":null,"level":2}},{"type":"Feature","geometry":{"type":"Point","coordinates":[-101.6771,48.4822]},"properties":{"source":"cwfis","country":"US","agency":"ND","sensor":"MODIS · Terra","detected":"2026-10-10T03:08:00Z","intensity":467,"area_ha":null,"level":0}},{"type":"Feature","geometry":{"type":"Point","coordinates":[-140.4577,61.9838]},"properties":{"source":"cwfis","country":"CA","agency":"YT","sensor":"MODIS · Terra","detected":"2026-10-10T04:51:00Z","intensity":148,"area_ha":null,"level":0}},{"type":"Feature","geometry":{"type":"Point","coordinates":[-58.92,48.5471]},"properties":{"source":"cwfis","country":"CA","agency":"NL","sensor":"VIIRS-I · NOAA-20","detected":"2026-10-10T04:51:00Z","intensity":0,"area_ha":null,"level":0}},{"type":"Feature","geometry":{"type":"Point","coordinates":[-118.2571,48.6228]},"properties":{"source":"cwfis","country":"US","agency":"WA","sensor":"SLSTR · S3B","detected":"2026-10-10T05:05:52Z","intensity":201,"area_ha":null,"level":0}},{"type":"Feature","geometry":{"type":"Point","coordinates":[-120.8658,48.3592]},"properties":{"source":"cwfis","country":"US","agency":"WA","sensor":"SLSTR · S3B","detected":"2026-10-10T05:06:05Z","intensity":7952,"area_ha":null,"level":1}},{"type":"Feature","geometry":{"type":"Point","coordinates":[-116.8787,51.549]},"properties":{"source":"cwfis","country":"CA","agency":"BC","sensor":"SLSTR · S3B","detected":"2026-10-10T05:06:32Z","intensity":0,"area_ha":null,"level":0}},{"type":"Feature","geometry":{"type":"Point","coordinates":[-70.53,41.8583]},"properties":{"source":"cwfis","country":"US","agency":"MA","sensor":"VIIRS-I · NOAA-21","detected":"2026-10-10T05:36:00Z","intensity":1595,"area_ha":null,"level":0}},{"type":"Feature","geometry":{"type":"Point","coordinates":[-127.2595,54.6605]},"properties":{"source":"cwfis","country":"CA","agency":"BC","sensor":"SLSTR · S3A","detected":"2026-10-10T05:46:06Z","intensity":0,"area_ha":null,"level":0}},{"type":"Feature","geometry":{"type":"Point","coordinates":[-127.2465,54.652]},"properties":{"source":"cwfis","country":"CA","agency":"BC","sensor":"SLSTR · S3A","detected":"2026-10-10T05:46:06Z","intensity":0,"area_ha":null,"level":0}},{"type":"Feature","geometry":{"type":"Point","coordinates":[-127.2774,54.6469]},"properties":{"source":"cwfis","country":"CA","agency":"BC","sensor":"SLSTR · S3A","detected":"2026-10-10T05:46:06Z","intensity":0,"area_ha":null,"level":0}},{"type":"Feature","geometry":{"type":"Point","coordinates":[-127.2618,54.6486]},"properties":{"source":"cwfis","country":"CA","agency":"BC","sensor":"SLSTR · S3A","detected":"2026-10-10T05:46:06Z","intensity":0,"area_ha":null,"level":0}},{"type":"Feature","geometry":{"type":"Point","coordinates":[-129.9451,56.3942]},"properties":{"source":"cwfis","country":"CA","agency":"BC","sensor":"SLSTR · S3A","detected":"2026-10-10T05:46:40Z","intensity":0,"area_ha":null,"level":0}},{"type":"Feature","geometry":{"type":"Point","coordinates":[-76.5521,43.0227]},"properties":{"source":"cwfis","country":"US","agency":"NY","sensor":"VIIRS-I · NOAA-20","detected":"2026-10-10T06:31:00Z","intensity":81,"area_ha":null,"level":0}},{"type":"Feature","geometry":{"type":"Point","coordinates":[-73.2768,45.8123]},"properties":{"source":"cwfis","country":"CA","agency":"QC","sensor":"VIIRS-I · NOAA-20","detected":"2026-10-10T06:31:00Z","intensity":1,"area_ha":null,"level":0}},{"type":"Feature","geometry":{"type":"Point","coordinates":[-83.2419,30.0499]},"properties":{"source":"cwfis","country":"US","agency":"FL","sensor":"VIIRS-I · NOAA-20","detected":"2026-10-10T06:35:00Z","intensity":0,"area_ha":null,"level":0}},{"type":"Feature","geometry":{"type":"Point","coordinates":[-83.243,30.0534]},"properties":{"source":"cwfis","country":"US","agency":"FL","sensor":"VIIRS-I · NOAA-20","detected":"2026-10-10T06:35:00Z","intensity":0,"area_ha":null,"level":0}},{"type":"Feature","geometry":{"type":"Point","coordinates":[-77.6553,44.3341]},"properties":{"source":"cwfis","country":"CA","agency":"ON","sensor":"VIIRS-I · NOAA-21","detected":"2026-10-10T07:16:00Z","intensity":72,"area_ha":null,"level":0}},{"type":"Feature","geometry":{"type":"Point","coordinates":[-73.3391,43.6058]},"properties":{"source":"cwfis","country":"US","agency":"NY","sensor":"VIIRS-I · NOAA-21","detected":"2026-10-10T07:16:00Z","intensity":114,"area_ha":null,"level":0}},{"type":"Feature","geometry":{"type":"Point","coordinates":[-83.1456,48.7644]},"properties":{"source":"cwfis","country":"CA","agency":"ON","sensor":"VIIRS-I · NOAA-21","detected":"2026-10-10T07:16:00Z","intensity":15,"area_ha":null,"level":0}},{"type":"Feature","geometry":{"type":"Point","coordinates":[-76.5517,43.0199]},"properties":{"source":"cwfis","country":"US","agency":"NY","sensor":"VIIRS-I · NOAA-21","detected":"2026-10-10T07:16:00Z","intensity":62,"area_ha":null,"level":0}},{"type":"Feature","geometry":{"type":"Point","coordinates":[-92.335,45.0209]},"properties":{"source":"cwfis","country":"US","agency":"WI","sensor":"VIIRS-I · NOAA-21","detected":"2026-10-10T07:16:00Z","intensity":1434,"area_ha":null,"level":0}},{"type":"Feature","geometry":{"type":"Point","coordinates":[-91.8847,38.3727]},"properties":{"source":"cwfis","country":"US","agency":"MO","sensor":"VIIRS-I · NOAA-21","detected":"2026-10-10T07:18:00Z","intensity":1452,"area_ha":null,"level":0}},{"type":"Feature","geometry":{"type":"Point","coordinates":[-91.789,38.7747]},"properties":{"source":"cwfis","country":"US","agency":"MO","sensor":"VIIRS-I · NOAA-21","detected":"2026-10-10T07:18:00Z","intensity":1360,"area_ha":null,"level":0}},{"type":"Feature","geometry":{"type":"Point","coordinates":[-87.0206,41.2193]},"properties":{"source":"cwfis","country":"US","agency":"IN","sensor":"VIIRS-I · NOAA-21","detected":"2026-10-10T07:18:00Z","intensity":18,"area_ha":null,"level":0}},{"type":"Feature","geometry":{"type":"Point","coordinates":[-93.0451,39.7659]},"properties":{"source":"cwfis","country":"US","agency":"MO","sensor":"VIIRS-I · NOAA-21","detected":"2026-10-10T07:18:00Z","intensity":0,"area_ha":null,"level":0}},{"type":"Feature","geometry":{"type":"Point","coordinates":[-94.5714,40.3005]},"properties":{"source":"cwfis","country":"US","agency":"MO","sensor":"VIIRS-I · NOAA-21","detected":"2026-10-10T07:18:00Z","intensity":0,"area_ha":null,"level":0}},{"type":"Feature","geometry":{"type":"Point","coordinates":[-88.7774,39.2674]},"properties":{"source":"cwfis","country":"US","agency":"IL","sensor":"VIIRS-I · NOAA-21","detected":"2026-10-10T07:18:00Z","intensity":57,"area_ha":null,"level":0}},{"type":"Feature","geometry":{"type":"Point","coordinates":[-89.5267,39.819]},"properties":{"source":"cwfis","country":"US","agency":"IL","sensor":"VIIRS-I · NOAA-21","detected":"2026-10-10T07:18:00Z","intensity":57,"area_ha":null,"level":0}},{"type":"Feature","geometry":{"type":"Point","coordinates":[-95.9196,37.0071]},"properties":{"source":"cwfis","country":"US","agency":"KS","sensor":"VIIRS-I · NOAA-21","detected":"2026-10-10T07:18:00Z","intensity":1470,"area_ha":null,"level":0}},{"type":"Feature","geometry":{"type":"Point","coordinates":[-94.4273,37.1303]},"properties":{"source":"cwfis","country":"US","agency":"MO","sensor":"VIIRS-I · NOAA-21","detected":"2026-10-10T07:18:00Z","intensity":441,"area_ha":null,"level":0}},{"type":"Feature","geometry":{"type":"Point","coordinates":[-87.2083,41.4687]},"properties":{"source":"cwfis","country":"US","agency":"IN","sensor":"VIIRS-I · NOAA-21","detected":"2026-10-10T07:18:00Z","intensity":104,"area_ha":null,"level":0}},{"type":"Feature","geometry":{"type":"Point","coordinates":[-91.5029,40.6271]},"properties":{"source":"cwfis","country":"US","agency":"IA","sensor":"VIIRS-I · NOAA-21","detected":"2026-10-10T07:18:00Z","intensity":0,"area_ha":null,"level":0}},{"type":"Feature","geometry":{"type":"Point","coordinates":[-94.3678,37.1271]},"properties":{"source":"cwfis","country":"US","agency":"MO","sensor":"VIIRS-I · NOAA-21","detected":"2026-10-10T07:18:00Z","intensity":1126,"area_ha":null,"level":0}},{"type":"Feature","geometry":{"type":"Point","coordinates":[-91.045,34.6583]},"properties":{"source":"cwfis","country":"US","agency":"AR","sensor":"VIIRS-I · NOAA-21","detected":"2026-10-10T07:20:00Z","intensity":128,"area_ha":null,"level":0}},{"type":"Feature","geometry":{"type":"Point","coordinates":[-91.0437,34.6617]},"properties":{"source":"cwfis","country":"US","agency":"AR","sensor":"VIIRS-I · NOAA-21","detected":"2026-10-10T07:20:00Z","intensity":128,"area_ha":null,"level":0}},{"type":"Feature","geometry":{"type":"Point","coordinates":[-93.2625,31.3785]},"properties":{"source":"cwfis","country":"US","agency":"LA","sensor":"VIIRS-I · NOAA-21","detected":"2026-10-10T07:20:00Z","intensity":3717,"area_ha":null,"level":1}},{"type":"Feature","geometry":{"type":"Point","coordinates":[-93.2549,31.3831]},"properties":{"source":"cwfis","country":"US","agency":"LA","sensor":"VIIRS-I · NOAA-21","detected":"2026-10-10T07:20:00Z","intensity":2269,"area_ha":null,"level":1}},{"type":"Feature","geometry":{"type":"Point","coordinates":[-93.2584,31.3833]},"properties":{"source":"cwfis","country":"US","agency":"LA","sensor":"VIIRS-I · NOAA-21","detected":"2026-10-10T07:20:00Z","intensity":1844,"area_ha":null,"level":0}},{"type":"Feature","geometry":{"type":"Point","coordinates":[-96.0839,31.5352]},"properties":{"source":"cwfis","country":"US","agency":"TX","sensor":"VIIRS-I · NOAA-21","detected":"2026-10-10T07:20:00Z","intensity":209,"area_ha":null,"level":0}},{"type":"Feature","geometry":{"type":"Point","coordinates":[-89.3768,32.373]},"properties":{"source":"cwfis","country":"US","agency":"MS","sensor":"VIIRS-I · NOAA-21","detected":"2026-10-10T07:20:00Z","intensity":139,"area_ha":null,"level":0}},{"type":"Feature","geometry":{"type":"Point","coordinates":[-89.3762,32.3771]},"properties":{"source":"cwfis","country":"US","agency":"MS","sensor":"VIIRS-I · NOAA-21","detected":"2026-10-10T07:20:00Z","intensity":317,"area_ha":null,"level":0}},{"type":"Feature","geometry":{"type":"Point","coordinates":[-95.9031,34.9514]},"properties":{"source":"cwfis","country":"US","agency":"OK","sensor":"VIIRS-I · NOAA-21","detected":"2026-10-10T07:20:00Z","intensity":742,"area_ha":null,"level":0}},{"type":"Feature","geometry":{"type":"Point","coordinates":[-95.6583,32.8225]},"properties":{"source":"cwfis","country":"US","agency":"TX","sensor":"VIIRS-I · NOAA-21","detected":"2026-10-10T07:20:00Z","intensity":8137,"area_ha":null,"level":1}},{"type":"Feature","geometry":{"type":"Point","coordinates":[-94.2997,33.5406]},"properties":{"source":"cwfis","country":"US","agency":"TX","sensor":"VIIRS-I · NOAA-21","detected":"2026-10-10T07:20:00Z","intensity":297,"area_ha":null,"level":0}},{"type":"Feature","geometry":{"type":"Point","coordinates":[-94.2953,33.5403]},"properties":{"source":"cwfis","country":"US","agency":"TX","sensor":"VIIRS-I · NOAA-21","detected":"2026-10-10T07:20:00Z","intensity":689,"area_ha":null,"level":0}},{"type":"Feature","geometry":{"type":"Point","coordinates":[-96.4301,34.3029]},"properties":{"source":"cwfis","country":"US","agency":"OK","sensor":"VIIRS-I · NOAA-21","detected":"2026-10-10T07:20:00Z","intensity":0,"area_ha":null,"level":0}},{"type":"Feature","geometry":{"type":"Point","coordinates":[-96.0041,33.0997]},"properties":{"source":"cwfis","country":"US","agency":"TX","sensor":"VIIRS-I · NOAA-21","detected":"2026-10-10T07:20:00Z","intensity":382,"area_ha":null,"level":0}},{"type":"Feature","geometry":{"type":"Point","coordinates":[-94.2964,33.5455]},"properties":{"source":"cwfis","country":"US","agency":"TX","sensor":"VIIRS-I · NOAA-21","detected":"2026-10-10T07:20:00Z","intensity":437,"area_ha":null,"level":0}},{"type":"Feature","geometry":{"type":"Point","coordinates":[-89.3863,32.5021]},"properties":{"source":"cwfis","country":"US","agency":"MS","sensor":"VIIRS-I · NOAA-21","detected":"2026-10-10T07:20:00Z","intensity":540,"area_ha":null,"level":0}},{"type":"Feature","geometry":{"type":"Point","coordinates":[-89.3857,32.5062]},"properties":{"source":"cwfis","country":"US","agency":"MS","sensor":"VIIRS-I · NOAA-21","detected":"2026-10-10T07:20:00Z","intensity":535,"area_ha":null,"level":0}},{"type":"Feature","geometry":{"type":"Point","coordinates":[-93.8783,30.0263]},"properties":{"source":"cwfis","country":"US","agency":"TX","sensor":"VIIRS-I · NOAA-21","detected":"2026-10-10T07:20:00Z","intensity":45,"area_ha":null,"level":0}},{"type":"Feature","geometry":{"type":"Point","coordinates":[-93.9371,29.9881]},"properties":{"source":"cwfis","country":"US","agency":"TX","sensor":"VIIRS-I · NOAA-21","detected":"2026-10-10T07:20:00Z","intensity":0,"area_ha":null,"level":0}},{"type":"Feature","geometry":{"type":"Point","coordinates":[-96.0832,31.5311]},"properties":{"source":"cwfis","country":"US","agency":"TX","sensor":"VIIRS-I · NOAA-21","detected":"2026-10-10T07:20:00Z","intensity":215,"area_ha":null,"level":0}},{"type":"Feature","geometry":{"type":"Point","coordinates":[-96.0879,31.5374]},"properties":{"source":"cwfis","country":"US","agency":"TX","sensor":"VIIRS-I · NOAA-21","detected":"2026-10-10T07:20:00Z","intensity":264,"area_ha":null,"level":0}},{"type":"Feature","geometry":{"type":"Point","coordinates":[-95.4238,36.0276]},"properties":{"source":"cwfis","country":"US","agency":"OK","sensor":"VIIRS-I · NOAA-21","detected":"2026-10-10T07:20:00Z","intensity":1873,"area_ha":null,"level":0}},{"type":"Feature","geometry":{"type":"Point","coordinates":[-93.7829,30.066]},"properties":{"source":"cwfis","country":"US","agency":"TX","sensor":"VIIRS-I · NOAA-21","detected":"2026-10-10T07:20:00Z","intensity":0,"area_ha":null,"level":0}},{"type":"Feature","geometry":{"type":"Point","coordinates":[-94.4756,32.9123]},"properties":{"source":"cwfis","country":"US","agency":"TX","sensor":"VIIRS-I · NOAA-21","detected":"2026-10-10T07:20:00Z","intensity":1010,"area_ha":null,"level":0}},{"type":"Feature","geometry":{"type":"Point","coordinates":[-95.0003,31.2486]},"properties":{"source":"cwfis","country":"US","agency":"TX","sensor":"VIIRS-I · NOAA-21","detected":"2026-10-10T07:20:00Z","intensity":1661,"area_ha":null,"level":0}},{"type":"Feature","geometry":{"type":"Point","coordinates":[-83.238,30.0477]},"properties":{"source":"cwfis","country":"US","agency":"FL","sensor":"VIIRS-I · NOAA-21","detected":"2026-10-10T07:20:00Z","intensity":0,"area_ha":null,"level":0}},{"type":"Feature","geometry":{"type":"Point","coordinates":[-93.8819,30.0266]},"properties":{"source":"cwfis","country":"US","agency":"TX","sensor":"VIIRS-I · NOAA-21","detected":"2026-10-10T07:20:00Z","intensity":1723,"area_ha":null,"level":0}},{"type":"Feature","geometry":{"type":"Point","coordinates":[-95.6424,34.9331]},"properties":{"source":"cwfis","country":"US","agency":"OK","sensor":"VIIRS-I · NOAA-21","detected":"2026-10-10T07:20:00Z","intensity":15554,"area_ha":null,"level":2}},{"type":"Feature","geometry":{"type":"Point","coordinates":[-80.1519,26.2811]},"properties":{"source":"cwfis","country":"US","agency":"FL","sensor":"VIIRS-I · NOAA-21","detected":"2026-10-10T07:22:00Z","intensity":3,"area_ha":null,"level":0}},{"type":"Feature","geometry":{"type":"Point","coordinates":[-98.1858,28.4537]},"properties":{"source":"cwfis","country":"US","agency":"TX","sensor":"VIIRS-I · NOAA-21","detected":"2026-10-10T07:22:00Z","intensity":0,"area_ha":null,"level":0}},{"type":"Feature","geometry":{"type":"Point","coordinates":[-99.0826,28.3811]},"properties":{"source":"cwfis","country":"US","agency":"TX","sensor":"VIIRS-I · NOAA-21","detected":"2026-10-10T07:22:00Z","intensity":2787,"area_ha":null,"level":1}},{"type":"Feature","geometry":{"type":"Point","coordinates":[-99.1669,28.3223]},"properties":{"source":"cwfis","country":"US","agency":"TX","sensor":"VIIRS-I · NOAA-21","detected":"2026-10-10T07:22:00Z","intensity":3107,"area_ha":null,"level":1}},{"type":"Feature","geometry":{"type":"Point","coordinates":[-103.12,47.9198]},"properties":{"source":"cwfis","country":"US","agency":"ND","sensor":"VIIRS-I · NOAA-20","detected":"2026-10-10T08:11:00Z","intensity":871,"area_ha":null,"level":0}},{"type":"Feature","geometry":{"type":"Point","coordinates":[-94.122,48.8992]},"properties":{"source":"cwfis","country":"CA","agency":"ON","sensor":"VIIRS-I · NOAA-20","detected":"2026-10-10T08:11:00Z","intensity":833,"area_ha":null,"level":0}},{"type":"Feature","geometry":{"type":"Point","coordinates":[-104.0424,48.0218]},"properties":{"source":"cwfis","country":"US","agency":"ND","sensor":"VIIRS-I · NOAA-20","detected":"2026-10-10T08:11:00Z","intensity":0,"area_ha":null,"level":0}},{"type":"Feature","geometry":{"type":"Point","coordinates":[-103.7964,47.7291]},"properties":{"source":"cwfis","country":"US","agency":"ND","sensor":"VIIRS-I · NOAA-20","detected":"2026-10-10T08:11:00Z","intensity":0,"area_ha":null,"level":0}},{"type":"Feature","geometry":{"type":"Point","coordinates":[-102.7969,48.0052]},"properties":{"source":"cwfis","country":"US","agency":"ND","sensor":"VIIRS-I · NOAA-20","detected":"2026-10-10T08:11:00Z","intensity":0,"area_ha":null,"level":0}},{"type":"Feature","geometry":{"type":"Point","coordinates":[-102.8788,48.0987]},"properties":{"source":"cwfis","country":"US","agency":"ND","sensor":"VIIRS-I · NOAA-20","detected":"2026-10-10T08:11:00Z","intensity":0,"area_ha":null,"level":0}},{"type":"Feature","geometry":{"type":"Point","coordinates":[-103.6017,48.0929]},"properties":{"source":"cwfis","country":"US","agency":"ND","sensor":"VIIRS-I · NOAA-20","detected":"2026-10-10T08:11:00Z","intensity":0,"area_ha":null,"level":0}},{"type":"Feature","geometry":{"type":"Point","coordinates":[-102.7903,48.1663]},"properties":{"source":"cwfis","country":"US","agency":"ND","sensor":"VIIRS-I · NOAA-20","detected":"2026-10-10T08:11:00Z","intensity":638,"area_ha":null,"level":0}},{"type":"Feature","geometry":{"type":"Point","coordinates":[-104.262,49.4412]},"properties":{"source":"cwfis","country":"CA","agency":"SK","sensor":"VIIRS-I · NOAA-20","detected":"2026-10-10T08:11:00Z","intensity":2001,"area_ha":null,"level":1}},{"type":"Feature","geometry":{"type":"Point","coordinates":[-75.3987,44.418]},"properties":{"source":"cwfis","country":"US","agency":"NY","sensor":"VIIRS-I · NOAA-20","detected":"2026-10-10T08:11:00Z","intensity":6,"area_ha":null,"level":0}},{"type":"Feature","geometry":{"type":"Point","coordinates":[-102.8739,48.1138]},"properties":{"source":"cwfis","country":"US","agency":"ND","sensor":"VIIRS-I · NOAA-20","detected":"2026-10-10T08:11:00Z","intensity":0,"area_ha":null,"level":0}},{"type":"Feature","geometry":{"type":"Point","coordinates":[-103.3272,48.8111]},"properties":{"source":"cwfis","country":"US","agency":"ND","sensor":"VIIRS-I · NOAA-20","detected":"2026-10-10T08:11:00Z","intensity":0,"area_ha":null,"level":0}},{"type":"Feature","geometry":{"type":"Point","coordinates":[-102.9615,48.3901]},"properties":{"source":"cwfis","country":"US","agency":"ND","sensor":"VIIRS-I · NOAA-20","detected":"2026-10-10T08:11:00Z","intensity":0,"area_ha":null,"level":0}},{"type":"Feature","geometry":{"type":"Point","coordinates":[-103.0438,47.7112]},"properties":{"source":"cwfis","country":"US","agency":"ND","sensor":"VIIRS-I · NOAA-20","detected":"2026-10-10T08:11:00Z","intensity":0,"area_ha":null,"level":0}},{"type":"Feature","geometry":{"type":"Point","coordinates":[-103.7975,47.7326]},"properties":{"source":"cwfis","country":"US","agency":"ND","sensor":"VIIRS-I · NOAA-20","detected":"2026-10-10T08:11:00Z","intensity":680,"area_ha":null,"level":0}},{"type":"Feature","geometry":{"type":"Point","coordinates":[-91.8844,38.3734]},"properties":{"source":"cwfis","country":"US","agency":"MO","sensor":"VIIRS-I · NOAA-20","detected":"2026-10-10T08:13:00Z","intensity":1452,"area_ha":null,"level":0}},{"type":"Feature","geometry":{"type":"Point","coordinates":[-110.4073,43.6333]},"properties":{"source":"cwfis","country":"US","agency":"WY","sensor":"VIIRS-I · NOAA-20","detected":"2026-10-10T08:13:00Z","intensity":0,"area_ha":null,"level":0}},{"type":"Feature","geometry":{"type":"Point","coordinates":[-110.3934,43.6334]},"properties":{"source":"cwfis","country":"US","agency":"WY","sensor":"VIIRS-I · NOAA-20","detected":"2026-10-10T08:13:00Z","intensity":0,"area_ha":null,"level":0}},{"type":"Feature","geometry":{"type":"Point","coordinates":[-91.7891,38.7747]},"properties":{"source":"cwfis","country":"US","agency":"MO","sensor":"VIIRS-I · NOAA-20","detected":"2026-10-10T08:13:00Z","intensity":1360,"area_ha":null,"level":0}},{"type":"Feature","geometry":{"type":"Point","coordinates":[-96.7746,40.2172]},"properties":{"source":"cwfis","country":"US","agency":"NE","sensor":"VIIRS-I · NOAA-20","detected":"2026-10-10T08:13:00Z","intensity":2504,"area_ha":null,"level":1}},{"type":"Feature","geometry":{"type":"Point","coordinates":[-92.4405,42.662]},"properties":{"source":"cwfis","country":"US","agency":"IA","sensor":"VIIRS-I · NOAA-20","detected":"2026-10-10T08:13:00Z","intensity":80,"area_ha":null,"level":0}},{"type":"Feature","geometry":{"type":"Point","coordinates":[-105.0243,40.8646]},"properties":{"source":"cwfis","country":"US","agency":"CO","sensor":"VIIRS-I · NOAA-20","detected":"2026-10-10T08:13:00Z","intensity":0,"area_ha":null,"level":0}},{"type":"Feature","geometry":{"type":"Point","coordinates":[-93.6158,42.8385]},"properties":{"source":"cwfis","country":"US","agency":"IA","sensor":"VIIRS-I · NOAA-20","detected":"2026-10-10T08:13:00Z","intensity":0,"area_ha":null,"level":0}},{"type":"Feature","geometry":{"type":"Point","coordinates":[-94.5715,40.3005]},"properties":{"source":"cwfis","country":"US","agency":"MO","sensor":"VIIRS-I · NOAA-20","detected":"2026-10-10T08:13:00Z","intensity":0,"area_ha":null,"level":0}},{"type":"Feature","geometry":{"type":"Point","coordinates":[-110.3735,43.6405]},"properties":{"source":"cwfis","country":"US","agency":"WY","sensor":"VIIRS-I · NOAA-20","detected":"2026-10-10T08:13:00Z","intensity":1434,"area_ha":null,"level":0}},{"type":"Feature","geometry":{"type":"Point","coordinates":[-89.4872,42.6635]},"properties":{"source":"cwfis","country":"US","agency":"WI","sensor":"VIIRS-I · NOAA-20","detected":"2026-10-10T08:13:00Z","intensity":5,"area_ha":null,"level":0}},{"type":"Feature","geometry":{"type":"Point","coordinates":[-106.0713,43.9374]},"properties":{"source":"cwfis","country":"US","agency":"WY","sensor":"VIIRS-I · NOAA-20","detected":"2026-10-10T08:13:00Z","intensity":12775,"area_ha":null,"level":2}},{"type":"Feature","geometry":{"type":"Point","coordinates":[-110.3933,43.6404]},"properties":{"source":"cwfis","country":"US","agency":"WY","sensor":"VIIRS-I · NOAA-20","detected":"2026-10-10T08:13:00Z","intensity":8225,"area_ha":null,"level":1}},{"type":"Feature","geometry":{"type":"Point","coordinates":[-93.0472,39.768]},"properties":{"source":"cwfis","country":"US","agency":"MO","sensor":"VIIRS-I · NOAA-20","detected":"2026-10-10T08:13:00Z","intensity":0,"area_ha":null,"level":0}},{"type":"Feature","geometry":{"type":"Point","coordinates":[-110.3826,43.6404]},"properties":{"source":"cwfis","country":"US","agency":"WY","sensor":"VIIRS-I · NOAA-20","detected":"2026-10-10T08:13:00Z","intensity":0,"area_ha":null,"level":0}},{"type":"Feature","geometry":{"type":"Point","coordinates":[-110.3838,43.6334]},"properties":{"source":"cwfis","country":"US","agency":"WY","sensor":"VIIRS-I · NOAA-20","detected":"2026-10-10T08:13:00Z","intensity":2406,"area_ha":null,"level":1}},{"type":"Feature","geometry":{"type":"Point","coordinates":[-94.5707,40.3038]},"properties":{"source":"cwfis","country":"US","agency":"MO","sensor":"VIIRS-I · NOAA-20","detected":"2026-10-10T08:13:00Z","intensity":0,"area_ha":null,"level":0}},{"type":"Feature","geometry":{"type":"Point","coordinates":[-90.2768,40.8801]},"properties":{"source":"cwfis","country":"US","agency":"IL","sensor":"VIIRS-I · NOAA-20","detected":"2026-10-10T08:13:00Z","intensity":1,"area_ha":null,"level":0}},{"type":"Feature","geometry":{"type":"Point","coordinates":[-91.5036,40.6282]},"properties":{"source":"cwfis","country":"US","agency":"IA","sensor":"VIIRS-I · NOAA-20","detected":"2026-10-10T08:13:00Z","intensity":0,"area_ha":null,"level":0}},{"type":"Feature","geometry":{"type":"Point","coordinates":[-89.528,39.8185]},"properties":{"source":"cwfis","country":"US","agency":"IL","sensor":"VIIRS-I · NOAA-20","detected":"2026-10-10T08:13:00Z","intensity":47,"area_ha":null,"level":0}},{"type":"Feature","geometry":{"type":"Point","coordinates":[-87.2065,41.4677]},"properties":{"source":"cwfis","country":"US","agency":"IN","sensor":"VIIRS-I · NOAA-20","detected":"2026-10-10T08:13:00Z","intensity":36,"area_ha":null,"level":0}},{"type":"Feature","geometry":{"type":"Point","coordinates":[-89.9784,38.99]},"properties":{"source":"cwfis","country":"US","agency":"IL","sensor":"VIIRS-I · NOAA-20","detected":"2026-10-10T08:13:00Z","intensity":117,"area_ha":null,"level":0}},{"type":"Feature","geometry":{"type":"Point","coordinates":[-110.3824,43.6474]},"properties":{"source":"cwfis","country":"US","agency":"WY","sensor":"VIIRS-I · NOAA-20","detected":"2026-10-10T08:13:00Z","intensity":9418,"area_ha":null,"level":1}},{"type":"Feature","geometry":{"type":"Point","coordinates":[-110.3727,43.6475]},"properties":{"source":"cwfis","country":"US","agency":"WY","sensor":"VIIRS-I · NOAA-20","detected":"2026-10-10T08:13:00Z","intensity":8998,"area_ha":null,"level":1}},{"type":"Feature","geometry":{"type":"Point","coordinates":[-110.4062,43.6404]},"properties":{"source":"cwfis","country":"US","agency":"WY","sensor":"VIIRS-I · NOAA-20","detected":"2026-10-10T08:13:00Z","intensity":0,"area_ha":null,"level":0}},{"type":"Feature","geometry":{"type":"Point","coordinates":[-94.7854,31.5961]},"properties":{"source":"cwfis","country":"US","agency":"TX","sensor":"VIIRS-I · NOAA-20","detected":"2026-10-10T08:16:00Z","intensity":20654,"area_ha":null,"level":2}},{"type":"Feature","geometry":{"type":"Point","coordinates":[-93.2552,31.3799]},"properties":{"source":"cwfis","country":"US","agency":"LA","sensor":"VIIRS-I · NOAA-20","detected":"2026-10-10T08:16:00Z","intensity":4940,"area_ha":null,"level":1}},{"type":"Feature","geometry":{"type":"Point","coordinates":[-91.9152,36.8597]},"properties":{"source":"cwfis","country":"US","agency":"MO","sensor":"VIIRS-I · NOAA-20","detected":"2026-10-10T08:16:00Z","intensity":2878,"area_ha":null,"level":1}},{"type":"Feature","geometry":{"type":"Point","coordinates":[-95.9036,34.9545]},"properties":{"source":"cwfis","country":"US","agency":"OK","sensor":"VIIRS-I · NOAA-20","detected":"2026-10-10T08:16:00Z","intensity":1788,"area_ha":null,"level":0}},{"type":"Feature","geometry":{"type":"Point","coordinates":[-91.046,35.4444]},"properties":{"source":"cwfis","country":"US","agency":"AR","sensor":"VIIRS-I · NOAA-20","detected":"2026-10-10T08:16:00Z","intensity":1140,"area_ha":null,"level":0}},{"type":"Feature","geometry":{"type":"Point","coordinates":[-90.7433,32.9374]},"properties":{"source":"cwfis","country":"US","agency":"MS","sensor":"VIIRS-I · NOAA-20","detected":"2026-10-10T08:16:00Z","intensity":12596,"area_ha":null,"level":2}},{"type":"Feature","geometry":{"type":"Point","coordinates":[-95.6588,32.8198]},"properties":{"source":"cwfis","country":"US","agency":"TX","sensor":"VIIRS-I · NOAA-20","detected":"2026-10-10T08:16:00Z","intensity":439,"area_ha":null,"level":0}},{"type":"Feature","geometry":{"type":"Point","coordinates":[-95.6629,32.8204]},"properties":{"source":"cwfis","country":"US","agency":"TX","sensor":"VIIRS-I · NOAA-20","detected":"2026-10-10T08:16:00Z","intensity":567,"area_ha":null,"level":0}},{"type":"Feature","geometry":{"type":"Point","coordinates":[-94.2968,33.5428]},"properties":{"source":"cwfis","country":"US","agency":"TX","sensor":"VIIRS-I · NOAA-20","detected":"2026-10-10T08:16:00Z","intensity":649,"area_ha":null,"level":0}},{"type":"Feature","geometry":{"type":"Point","coordinates":[-96.4351,34.3033]},"properties":{"source":"cwfis","country":"US","agency":"OK","sensor":"VIIRS-I · NOAA-20","detected":"2026-10-10T08:16:00Z","intensity":0,"area_ha":null,"level":0}},{"type":"Feature","geometry":{"type":"Point","coordinates":[-95.847,36.2449]},"properties":{"source":"cwfis","country":"US","agency":"OK","sensor":"VIIRS-I · NOAA-20","detected":"2026-10-10T08:16:00Z","intensity":0,"area_ha":null,"level":0}},{"type":"Feature","geometry":{"type":"Point","coordinates":[-95.6581,32.8231]},"properties":{"source":"cwfis","country":"US","agency":"TX","sensor":"VIIRS-I · NOAA-20","detected":"2026-10-10T08:16:00Z","intensity":8137,"area_ha":null,"level":1}},{"type":"Feature","geometry":{"type":"Point","coordinates":[-94.7436,31.3568]},"properties":{"source":"cwfis","country":"US","agency":"TX","sensor":"VIIRS-I · NOAA-20","detected":"2026-10-10T08:16:00Z","intensity":994,"area_ha":null,"level":0}},{"type":"Feature","geometry":{"type":"Point","coordinates":[-96.4308,34.3027]},"properties":{"source":"cwfis","country":"US","agency":"OK","sensor":"VIIRS-I · NOAA-20","detected":"2026-10-10T08:16:00Z","intensity":0,"area_ha":null,"level":0}},{"type":"Feature","geometry":{"type":"Point","coordinates":[-94.884,32.7391]},"properties":{"source":"cwfis","country":"US","agency":"TX","sensor":"VIIRS-I · NOAA-20","detected":"2026-10-10T08:16:00Z","intensity":942,"area_ha":null,"level":0}},{"type":"Feature","geometry":{"type":"Point","coordinates":[-96.0076,33.1024]},"properties":{"source":"cwfis","country":"US","agency":"TX","sensor":"VIIRS-I · NOAA-20","detected":"2026-10-10T08:16:00Z","intensity":475,"area_ha":null,"level":0}},{"type":"Feature","geometry":{"type":"Point","coordinates":[-96.4358,34.3]},"properties":{"source":"cwfis","country":"US","agency":"OK","sensor":"VIIRS-I · NOAA-20","detected":"2026-10-10T08:16:00Z","intensity":0,"area_ha":null,"level":0}},{"type":"Feature","geometry":{"type":"Point","coordinates":[-95.2974,36.2132]},"properties":{"source":"cwfis","country":"US","agency":"OK","sensor":"VIIRS-I · NOAA-20","detected":"2026-10-10T08:16:00Z","intensity":7055,"area_ha":null,"level":1}},{"type":"Feature","geometry":{"type":"Point","coordinates":[-108.1635,38.4781]},"properties":{"source":"cwfis","country":"US","agency":"CO","sensor":"VIIRS-I · NOAA-20","detected":"2026-10-10T08:16:00Z","intensity":1130,"area_ha":null,"level":0}},{"type":"Feature","geometry":{"type":"Point","coordinates":[-93.6478,31.9615]},"properties":{"source":"cwfis","country":"US","agency":"LA","sensor":"VIIRS-I · NOAA-20","detected":"2026-10-10T08:16:00Z","intensity":8157,"area_ha":null,"level":1}},{"type":"Feature","geometry":{"type":"Point","coordinates":[-93.2265,33.2087]},"properties":{"source":"cwfis","country":"US","agency":"AR","sensor":"VIIRS-I · NOAA-20","detected":"2026-10-10T08:16:00Z","intensity":13002,"area_ha":null,"level":2}},{"type":"Feature","geometry":{"type":"Point","coordinates":[-101.9628,32.1524]},"properties":{"source":"cwfis","country":"US","agency":"TX","sensor":"VIIRS-I · NOAA-20","detected":"2026-10-10T08:16:00Z","intensity":1429,"area_ha":null,"level":0}},{"type":"Feature","geometry":{"type":"Point","coordinates":[-101.8214,32.0544]},"properties":{"source":"cwfis","country":"US","agency":"TX","sensor":"VIIRS-I · NOAA-20","detected":"2026-10-10T08:16:00Z","intensity":1050,"area_ha":null,"level":0}},{"type":"Feature","geometry":{"type":"Point","coordinates":[-102.5893,32.0733]},"properties":{"source":"cwfis","country":"US","agency":"TX","sensor":"VIIRS-I · NOAA-20","detected":"2026-10-10T08:16:00Z","intensity":270,"area_ha":null,"level":0}},{"type":"Feature","geometry":{"type":"Point","coordinates":[-96.3446,34.2385]},"properties":{"source":"cwfis","country":"US","agency":"OK","sensor":"VIIRS-I · NOAA-20","detected":"2026-10-10T08:16:00Z","intensity":365,"area_ha":null,"level":0}},{"type":"Feature","geometry":{"type":"Point","coordinates":[-94.3704,37.3199]},"properties":{"source":"cwfis","country":"US","agency":"MO","sensor":"VIIRS-I · NOAA-20","detected":"2026-10-10T08:16:00Z","intensity":519,"area_ha":null,"level":0}},{"type":"Feature","geometry":{"type":"Point","coordinates":[-101.5142,32.3681]},"properties":{"source":"cwfis","country":"US","agency":"TX","sensor":"VIIRS-I · NOAA-20","detected":"2026-10-10T08:16:00Z","intensity":516,"area_ha":null,"level":0}},{"type":"Feature","geometry":{"type":"Point","coordinates":[-101.5119,32.37]},"properties":{"source":"cwfis","country":"US","agency":"TX","sensor":"VIIRS-I · NOAA-20","detected":"2026-10-10T08:16:00Z","intensity":453,"area_ha":null,"level":0}},{"type":"Feature","geometry":{"type":"Point","coordinates":[-104.7074,39.6565]},"properties":{"source":"cwfis","country":"US","agency":"CO","sensor":"VIIRS-I · NOAA-20","detected":"2026-10-10T08:16:00Z","intensity":0,"area_ha":null,"level":0}},{"type":"Feature","geometry":{"type":"Point","coordinates":[-95.0492,35.9026]},"properties":{"source":"cwfis","country":"US","agency":"OK","sensor":"VIIRS-I · NOAA-20","detected":"2026-10-10T08:16:00Z","intensity":431,"area_ha":null,"level":0}},{"type":"Feature","geometry":{"type":"Point","coordinates":[-95.924,32.2654]},"properties":{"source":"cwfis","country":"US","agency":"TX","sensor":"VIIRS-I · NOAA-20","detected":"2026-10-10T08:16:00Z","intensity":809,"area_ha":null,"level":0}},{"type":"Feature","geometry":{"type":"Point","coordinates":[-100.7673,37.1589]},"properties":{"source":"cwfis","country":"US","agency":"KS","sensor":"VIIRS-I · NOAA-20","detected":"2026-10-10T08:16:00Z","intensity":0,"area_ha":null,"level":0}},{"type":"Feature","geometry":{"type":"Point","coordinates":[-97.6961,38.7626]},"properties":{"source":"cwfis","country":"US","agency":"KS","sensor":"VIIRS-I · NOAA-20","detected":"2026-10-10T08:16:00Z","intensity":0,"area_ha":null,"level":0}},{"type":"Feature","geometry":{"type":"Point","coordinates":[-95.6933,36.0721]},"properties":{"source":"cwfis","country":"US","agency":"OK","sensor":"VIIRS-I · NOAA-20","detected":"2026-10-10T08:16:00Z","intensity":0,"area_ha":null,"level":0}},{"type":"Feature","geometry":{"type":"Point","coordinates":[-95.0034,31.2501]},"properties":{"source":"cwfis","country":"US","agency":"TX","sensor":"VIIRS-I · NOAA-20","detected":"2026-10-10T08:16:00Z","intensity":1604,"area_ha":null,"level":0}},{"type":"Feature","geometry":{"type":"Point","coordinates":[-91.4296,31.1786]},"properties":{"source":"cwfis","country":"US","agency":"MS","sensor":"VIIRS-I · NOAA-20","detected":"2026-10-10T08:16:00Z","intensity":642,"area_ha":null,"level":0}},{"type":"Feature","geometry":{"type":"Point","coordinates":[-96.3404,34.2379]},"properties":{"source":"cwfis","country":"US","agency":"OK","sensor":"VIIRS-I · NOAA-20","detected":"2026-10-10T08:16:00Z","intensity":295,"area_ha":null,"level":0}},{"type":"Feature","geometry":{"type":"Point","coordinates":[-97.5265,34.3769]},"properties":{"source":"cwfis","country":"US","agency":"OK","sensor":"VIIRS-I · NOAA-20","detected":"2026-10-10T08:16:00Z","intensity":0,"area_ha":null,"level":0}},{"type":"Feature","geometry":{"type":"Point","coordinates":[-95.4259,36.0251]},"properties":{"source":"cwfis","country":"US","agency":"OK","sensor":"VIIRS-I · NOAA-20","detected":"2026-10-10T08:16:00Z","intensity":0,"area_ha":null,"level":0}},{"type":"Feature","geometry":{"type":"Point","coordinates":[-95.2007,31.8767]},"properties":{"source":"cwfis","country":"US","agency":"TX","sensor":"VIIRS-I · NOAA-20","detected":"2026-10-10T08:16:00Z","intensity":1285,"area_ha":null,"level":0}},{"type":"Feature","geometry":{"type":"Point","coordinates":[-94.4761,32.9101]},"properties":{"source":"cwfis","country":"US","agency":"TX","sensor":"VIIRS-I · NOAA-20","detected":"2026-10-10T08:16:00Z","intensity":1857,"area_ha":null,"level":0}},{"type":"Feature","geometry":{"type":"Point","coordinates":[-90.6366,32.5896]},"properties":{"source":"cwfis","country":"US","agency":"MS","sensor":"VIIRS-I · NOAA-20","detected":"2026-10-10T08:16:00Z","intensity":173,"area_ha":null,"level":0}},{"type":"Feature","geometry":{"type":"Point","coordinates":[-96.4316,34.2994]},"properties":{"source":"cwfis","country":"US","agency":"OK","sensor":"VIIRS-I · NOAA-20","detected":"2026-10-10T08:16:00Z","intensity":2985,"area_ha":null,"level":1}},{"type":"Feature","geometry":{"type":"Point","coordinates":[-97.2955,31.9809]},"properties":{"source":"cwfis","country":"US","agency":"TX","sensor":"VIIRS-I · NOAA-20","detected":"2026-10-10T08:16:00Z","intensity":0,"area_ha":null,"level":0}},{"type":"Feature","geometry":{"type":"Point","coordinates":[-98.6431,36.8139]},"properties":{"source":"cwfis","country":"US","agency":"OK","sensor":"VIIRS-I · NOAA-20","detected":"2026-10-10T08:16:00Z","intensity":0,"area_ha":null,"level":0}},{"type":"Feature","geometry":{"type":"Point","coordinates":[-101.8139,32.2311]},"properties":{"source":"cwfis","country":"US","agency":"TX","sensor":"VIIRS-I · NOAA-20","detected":"2026-10-10T08:16:00Z","intensity":1202,"area_ha":null,"level":0}},{"type":"Feature","geometry":{"type":"Point","coordinates":[-96.5853,35.1502]},"properties":{"source":"cwfis","country":"US","agency":"OK","sensor":"VIIRS-I · NOAA-20","detected":"2026-10-10T08:16:00Z","intensity":0,"area_ha":null,"level":0}},{"type":"Feature","geometry":{"type":"Point","coordinates":[-96.5936,31.7773]},"properties":{"source":"cwfis","country":"US","agency":"TX","sensor":"VIIRS-I · NOAA-20","detected":"2026-10-10T08:16:00Z","intensity":3987,"area_ha":null,"level":1}},{"type":"Feature","geometry":{"type":"Point","coordinates":[-95.9229,31.5841]},"properties":{"source":"cwfis","country":"US","agency":"TX","sensor":"VIIRS-I · NOAA-20","detected":"2026-10-10T08:16:00Z","intensity":2955,"area_ha":null,"level":1}},{"type":"Feature","geometry":{"type":"Point","coordinates":[-95.1729,37.9603]},"properties":{"source":"cwfis","country":"US","agency":"KS","sensor":"VIIRS-I · NOAA-20","detected":"2026-10-10T08:16:00Z","intensity":588,"area_ha":null,"level":0}},{"type":"Feature","geometry":{"type":"Point","coordinates":[-108.1692,38.4721]},"properties":{"source":"cwfis","country":"US","agency":"CO","sensor":"VIIRS-I · NOAA-20","detected":"2026-10-10T08:16:00Z","intensity":1101,"area_ha":null,"level":0}},{"type":"Feature","geometry":{"type":"Point","coordinates":[-108.1693,38.4783]},"properties":{"source":"cwfis","country":"US","agency":"CO","sensor":"VIIRS-I · NOAA-20","detected":"2026-10-10T08:16:00Z","intensity":1162,"area_ha":null,"level":0}},{"type":"Feature","geometry":{"type":"Point","coordinates":[-108.1578,38.4841]},"properties":{"source":"cwfis","country":"US","agency":"CO","sensor":"VIIRS-I · NOAA-20","detected":"2026-10-10T08:16:00Z","intensity":1101,"area_ha":null,"level":0}},{"type":"Feature","geometry":{"type":"Point","coordinates":[-95.284,36.0682]},"properties":{"source":"cwfis","country":"US","agency":"OK","sensor":"VIIRS-I · NOAA-20","detected":"2026-10-10T08:16:00Z","intensity":6012,"area_ha":null,"level":1}},{"type":"Feature","geometry":{"type":"Point","coordinates":[-96.9343,32.7765]},"properties":{"source":"cwfis","country":"US","agency":"TX","sensor":"VIIRS-I · NOAA-20","detected":"2026-10-10T08:16:00Z","intensity":0,"area_ha":null,"level":0}},{"type":"Feature","geometry":{"type":"Point","coordinates":[-94.4455,33.4754]},"properties":{"source":"cwfis","country":"US","agency":"TX","sensor":"VIIRS-I · NOAA-20","detected":"2026-10-10T08:16:00Z","intensity":429,"area_ha":null,"level":0}},{"type":"Feature","geometry":{"type":"Point","coordinates":[-98.247,35.987]},"properties":{"source":"cwfis","country":"US","agency":"OK","sensor":"VIIRS-I · NOAA-20","detected":"2026-10-10T08:16:00Z","intensity":669,"area_ha":null,"level":0}},{"type":"Feature","geometry":{"type":"Point","coordinates":[-103.5401,32.0526]},"properties":{"source":"cwfis","country":"US","agency":"NM","sensor":"VIIRS-I · NOAA-20","detected":"2026-10-10T08:16:00Z","intensity":662,"area_ha":null,"level":0}},{"type":"Feature","geometry":{"type":"Point","coordinates":[-103.4796,32.0329]},"properties":{"source":"cwfis","country":"US","agency":"NM","sensor":"VIIRS-I · NOAA-20","detected":"2026-10-10T08:16:00Z","intensity":720,"area_ha":null,"level":0}},{"type":"Feature","geometry":{"type":"Point","coordinates":[-103.7399,32.569]},"properties":{"source":"cwfis","country":"US","agency":"NM","sensor":"VIIRS-I · NOAA-20","detected":"2026-10-10T08:16:00Z","intensity":1310,"area_ha":null,"level":0}},{"type":"Feature","geometry":{"type":"Point","coordinates":[-94.9807,36.471]},"properties":{"source":"cwfis","country":"US","agency":"OK","sensor":"VIIRS-I · NOAA-20","detected":"2026-10-10T08:16:00Z","intensity":5535,"area_ha":null,"level":1}},{"type":"Feature","geometry":{"type":"Point","coordinates":[-103.8979,32.2131]},"properties":{"source":"cwfis","country":"US","agency":"NM","sensor":"VIIRS-I · NOAA-20","detected":"2026-10-10T08:16:00Z","intensity":411,"area_ha":null,"level":0}},{"type":"Feature","geometry":{"type":"Point","coordinates":[-101.6746,32.5336]},"properties":{"source":"cwfis","country":"US","agency":"TX","sensor":"VIIRS-I · NOAA-20","detected":"2026-10-10T08:16:00Z","intensity":490,"area_ha":null,"level":0}},{"type":"Feature","geometry":{"type":"Point","coordinates":[-94.9994,31.2494]},"properties":{"source":"cwfis","country":"US","agency":"TX","sensor":"VIIRS-I · NOAA-20","detected":"2026-10-10T08:16:00Z","intensity":1487,"area_ha":null,"level":0}},{"type":"Feature","geometry":{"type":"Point","coordinates":[-94.3691,37.1287]},"properties":{"source":"cwfis","country":"US","agency":"MO","sensor":"VIIRS-I · NOAA-20","detected":"2026-10-10T08:16:00Z","intensity":1462,"area_ha":null,"level":0}},{"type":"Feature","geometry":{"type":"Point","coordinates":[-96.0867,31.5353]},"properties":{"source":"cwfis","country":"US","agency":"TX","sensor":"VIIRS-I · NOAA-20","detected":"2026-10-10T08:16:00Z","intensity":209,"area_ha":null,"level":0}},{"type":"Feature","geometry":{"type":"Point","coordinates":[-96.0827,31.5347]},"properties":{"source":"cwfis","country":"US","agency":"TX","sensor":"VIIRS-I · NOAA-20","detected":"2026-10-10T08:16:00Z","intensity":246,"area_ha":null,"level":0}},{"type":"Feature","geometry":{"type":"Point","coordinates":[-100.4519,31.4358]},"properties":{"source":"cwfis","country":"US","agency":"TX","sensor":"VIIRS-I · NOAA-20","detected":"2026-10-10T08:18:00Z","intensity":133,"area_ha":null,"level":0}},{"type":"Feature","geometry":{"type":"Point","coordinates":[-97.263,29.0643]},"properties":{"source":"cwfis","country":"US","agency":"TX","sensor":"VIIRS-I · NOAA-20","detected":"2026-10-10T08:18:00Z","intensity":1824,"area_ha":null,"level":0}},{"type":"Feature","geometry":{"type":"Point","coordinates":[-95.3173,30.1421]},"properties":{"source":"cwfis","country":"US","agency":"TX","sensor":"VIIRS-I · NOAA-20","detected":"2026-10-10T08:18:00Z","intensity":987,"area_ha":null,"level":0}},{"type":"Feature","geometry":{"type":"Point","coordinates":[-97.4631,28.8842]},"properties":{"source":"cwfis","country":"US","agency":"TX","sensor":"VIIRS-I · NOAA-20","detected":"2026-10-10T08:18:00Z","intensity":520,"area_ha":null,"level":0}},{"type":"Feature","geometry":{"type":"Point","coordinates":[-98.8997,28.2043]},"properties":{"source":"cwfis","country":"US","agency":"TX","sensor":"VIIRS-I · NOAA-20","detected":"2026-10-10T08:18:00Z","intensity":2468,"area_ha":null,"level":1}},{"type":"Feature","geometry":{"type":"Point","coordinates":[-99.167,28.3226]},"properties":{"source":"cwfis","country":"US","agency":"TX","sensor":"VIIRS-I · NOAA-20","detected":"2026-10-10T08:18:00Z","intensity":2914,"area_ha":null,"level":1}},{"type":"Feature","geometry":{"type":"Point","coordinates":[-99.0837,28.3774]},"properties":{"source":"cwfis","country":"US","agency":"TX","sensor":"VIIRS-I · NOAA-20","detected":"2026-10-10T08:18:00Z","intensity":2669,"area_ha":null,"level":1}},{"type":"Feature","geometry":{"type":"Point","coordinates":[-102.8889,31.4748]},"properties":{"source":"cwfis","country":"US","agency":"TX","sensor":"VIIRS-I · NOAA-20","detected":"2026-10-10T08:18:00Z","intensity":816,"area_ha":null,"level":0}},{"type":"Feature","geometry":{"type":"Point","coordinates":[-103.7991,31.578]},"properties":{"source":"cwfis","country":"US","agency":"TX","sensor":"VIIRS-I · NOAA-20","detected":"2026-10-10T08:18:00Z","intensity":440,"area_ha":null,"level":0}},{"type":"Feature","geometry":{"type":"Point","coordinates":[-102.6152,31.5365]},"properties":{"source":"cwfis","country":"US","agency":"TX","sensor":"VIIRS-I · NOAA-20","detected":"2026-10-10T08:18:00Z","intensity":273,"area_ha":null,"level":0}},{"type":"Feature","geometry":{"type":"Point","coordinates":[-102.0537,31.7991]},"properties":{"source":"cwfis","country":"US","agency":"TX","sensor":"VIIRS-I · NOAA-20","detected":"2026-10-10T08:18:00Z","intensity":271,"area_ha":null,"level":0}},{"type":"Feature","geometry":{"type":"Point","coordinates":[-101.9889,31.8004]},"properties":{"source":"cwfis","country":"US","agency":"TX","sensor":"VIIRS-I · NOAA-20","detected":"2026-10-10T08:18:00Z","intensity":282,"area_ha":null,"level":0}},{"type":"Feature","geometry":{"type":"Point","coordinates":[-101.5893,31.3472]},"properties":{"source":"cwfis","country":"US","agency":"TX","sensor":"VIIRS-I · NOAA-20","detected":"2026-10-10T08:18:00Z","intensity":410,"area_ha":null,"level":0}},{"type":"Feature","geometry":{"type":"Point","coordinates":[-102.0022,31.3934]},"properties":{"source":"cwfis","country":"US","agency":"TX","sensor":"VIIRS-I · NOAA-20","detected":"2026-10-10T08:18:00Z","intensity":200,"area_ha":null,"level":0}},{"type":"Feature","geometry":{"type":"Point","coordinates":[-102.138,31.4291]},"properties":{"source":"cwfis","country":"US","agency":"TX","sensor":"VIIRS-I · NOAA-20","detected":"2026-10-10T08:18:00Z","intensity":128,"area_ha":null,"level":0}},{"type":"Feature","geometry":{"type":"Point","coordinates":[-103.9306,31.7991]},"properties":{"source":"cwfis","country":"US","agency":"TX","sensor":"VIIRS-I · NOAA-20","detected":"2026-10-10T08:18:00Z","intensity":15,"area_ha":null,"level":0}},{"type":"Feature","geometry":{"type":"Point","coordinates":[-101.8179,31.6245]},"properties":{"source":"cwfis","country":"US","agency":"TX","sensor":"VIIRS-I · NOAA-20","detected":"2026-10-10T08:18:00Z","intensity":577,"area_ha":null,"level":0}},{"type":"Feature","geometry":{"type":"Point","coordinates":[-97.2674,27.9015]},"properties":{"source":"cwfis","country":"US","agency":"TX","sensor":"VIIRS-I · NOAA-20","detected":"2026-10-10T08:18:00Z","intensity":2343,"area_ha":null,"level":1}},{"type":"Feature","geometry":{"type":"Point","coordinates":[-97.8313,28.9605]},"properties":{"source":"cwfis","country":"US","agency":"TX","sensor":"VIIRS-I · NOAA-20","detected":"2026-10-10T08:18:00Z","intensity":150,"area_ha":null,"level":0}},{"type":"Feature","geometry":{"type":"Point","coordinates":[-97.112,29.7279]},"properties":{"source":"cwfis","country":"US","agency":"TX","sensor":"VIIRS-I · NOAA-20","detected":"2026-10-10T08:18:00Z","intensity":201,"area_ha":null,"level":0}},{"type":"Feature","geometry":{"type":"Point","coordinates":[-98.1863,28.4531]},"properties":{"source":"cwfis","country":"US","agency":"TX","sensor":"VIIRS-I · NOAA-20","detected":"2026-10-10T08:18:00Z","intensity":0,"area_ha":null,"level":0}},{"type":"Feature","geometry":{"type":"Point","coordinates":[-97.0791,29.6889]},"properties":{"source":"cwfis","country":"US","agency":"TX","sensor":"VIIRS-I · NOAA-20","detected":"2026-10-10T08:18:00Z","intensity":0,"area_ha":null,"level":0}},{"type":"Feature","geometry":{"type":"Point","coordinates":[-95.2215,29.2453]},"properties":{"source":"cwfis","country":"US","agency":"TX","sensor":"VIIRS-I · NOAA-20","detected":"2026-10-10T08:18:00Z","intensity":0,"area_ha":null,"level":0}},{"type":"Feature","geometry":{"type":"Point","coordinates":[-93.9375,29.9887]},"properties":{"source":"cwfis","country":"US","agency":"TX","sensor":"VIIRS-I · NOAA-20","detected":"2026-10-10T08:18:00Z","intensity":0,"area_ha":null,"level":0}},{"type":"Feature","geometry":{"type":"Point","coordinates":[-97.323,29.3251]},"properties":{"source":"cwfis","country":"US","agency":"TX","sensor":"VIIRS-I · NOAA-20","detected":"2026-10-10T08:18:00Z","intensity":0,"area_ha":null,"level":0}},{"type":"Feature","geometry":{"type":"Point","coordinates":[-96.7297,30.1484]},"properties":{"source":"cwfis","country":"US","agency":"TX","sensor":"VIIRS-I · NOAA-20","detected":"2026-10-10T08:18:00Z","intensity":386,"area_ha":null,"level":0}},{"type":"Feature","geometry":{"type":"Point","coordinates":[-93.7855,30.0673]},"properties":{"source":"cwfis","country":"US","agency":"TX","sensor":"VIIRS-I · NOAA-20","detected":"2026-10-10T08:18:00Z","intensity":0,"area_ha":null,"level":0}},{"type":"Feature","geometry":{"type":"Point","coordinates":[-95.9069,30.1403]},"properties":{"source":"cwfis","country":"US","agency":"TX","sensor":"VIIRS-I · NOAA-20","detected":"2026-10-10T08:18:00Z","intensity":0,"area_ha":null,"level":0}},{"type":"Feature","geometry":{"type":"Point","coordinates":[-95.5076,30.4637]},"properties":{"source":"cwfis","country":"US","agency":"TX","sensor":"VIIRS-I · NOAA-20","detected":"2026-10-10T08:18:00Z","intensity":806,"area_ha":null,"level":0}},{"type":"Feature","geometry":{"type":"Point","coordinates":[-94.0619,30.0109]},"properties":{"source":"cwfis","country":"US","agency":"TX","sensor":"VIIRS-I · NOAA-20","detected":"2026-10-10T08:18:00Z","intensity":878,"area_ha":null,"level":0}},{"type":"Feature","geometry":{"type":"Point","coordinates":[-102.3766,31.4804]},"properties":{"source":"cwfis","country":"US","agency":"TX","sensor":"VIIRS-I · NOAA-20","detected":"2026-10-10T08:18:00Z","intensity":249,"area_ha":null,"level":0}},{"type":"Feature","geometry":{"type":"Point","coordinates":[-102.1124,31.3561]},"properties":{"source":"cwfis","country":"US","agency":"TX","sensor":"VIIRS-I · NOAA-20","detected":"2026-10-10T08:18:00Z","intensity":134,"area_ha":null,"level":0}},{"type":"Feature","geometry":{"type":"Point","coordinates":[-93.8795,30.0247]},"properties":{"source":"cwfis","country":"US","agency":"TX","sensor":"VIIRS-I · NOAA-20","detected":"2026-10-10T08:18:00Z","intensity":45,"area_ha":null,"level":0}},{"type":"Feature","geometry":{"type":"Point","coordinates":[-103.0963,31.8969]},"properties":{"source":"cwfis","country":"US","agency":"TX","sensor":"VIIRS-I · NOAA-20","detected":"2026-10-10T08:18:00Z","intensity":729,"area_ha":null,"level":0}},{"type":"Feature","geometry":{"type":"Point","coordinates":[-103.0939,31.8955]},"properties":{"source":"cwfis","country":"US","agency":"TX","sensor":"VIIRS-I · NOAA-20","detected":"2026-10-10T08:18:00Z","intensity":837,"area_ha":null,"level":0}},{"type":"Feature","geometry":{"type":"Point","coordinates":[-99.2627,28.4169]},"properties":{"source":"cwfis","country":"US","agency":"TX","sensor":"VIIRS-I · NOAA-20","detected":"2026-10-10T08:18:00Z","intensity":0,"area_ha":null,"level":0}},{"type":"Feature","geometry":{"type":"Point","coordinates":[-98.8536,28.5508]},"properties":{"source":"cwfis","country":"US","agency":"TX","sensor":"VIIRS-I · NOAA-20","detected":"2026-10-10T08:18:00Z","intensity":0,"area_ha":null,"level":0}},{"type":"Feature","geometry":{"type":"Point","coordinates":[-95.1769,29.7161]},"properties":{"source":"cwfis","country":"US","agency":"TX","sensor":"VIIRS-I · NOAA-20","detected":"2026-10-10T08:18:00Z","intensity":0,"area_ha":null,"level":0}},{"type":"Feature","geometry":{"type":"Point","coordinates":[-95.1913,29.7461]},"properties":{"source":"cwfis","country":"US","agency":"TX","sensor":"VIIRS-I · NOAA-20","detected":"2026-10-10T08:18:00Z","intensity":0,"area_ha":null,"level":0}},{"type":"Feature","geometry":{"type":"Point","coordinates":[-101.094,29.9133]},"properties":{"source":"cwfis","country":"US","agency":"TX","sensor":"VIIRS-I · NOAA-20","detected":"2026-10-10T08:18:00Z","intensity":2683,"area_ha":null,"level":1}},{"type":"Feature","geometry":{"type":"Point","coordinates":[-98.7825,28.4989]},"properties":{"source":"cwfis","country":"US","agency":"TX","sensor":"VIIRS-I · NOAA-20","detected":"2026-10-10T08:18:00Z","intensity":2618,"area_ha":null,"level":1}},{"type":"Feature","geometry":{"type":"Point","coordinates":[-95.0208,29.7611]},"properties":{"source":"cwfis","country":"US","agency":"TX","sensor":"VIIRS-I · NOAA-20","detected":"2026-10-10T08:18:00Z","intensity":0,"area_ha":null,"level":0}},{"type":"Feature","geometry":{"type":"Point","coordinates":[-95.1004,29.8195]},"properties":{"source":"cwfis","country":"US","agency":"TX","sensor":"VIIRS-I · NOAA-20","detected":"2026-10-10T08:18:00Z","intensity":215,"area_ha":null,"level":0}},{"type":"Feature","geometry":{"type":"Point","coordinates":[-95.0687,29.8577]},"properties":{"source":"cwfis","country":"US","agency":"TX","sensor":"VIIRS-I · NOAA-20","detected":"2026-10-10T08:18:00Z","intensity":0,"area_ha":null,"level":0}},{"type":"Feature","geometry":{"type":"Point","coordinates":[-121.134,56.9061]},"properties":{"source":"cwfis","country":"CA","agency":"BC","sensor":"VIIRS-I · NOAA-21","detected":"2026-10-10T08:54:00Z","intensity":37,"area_ha":null,"level":0}},{"type":"Feature","geometry":{"type":"Point","coordinates":[-103.0497,47.4155]},"properties":{"source":"cwfis","country":"US","agency":"ND","sensor":"VIIRS-I · NOAA-21","detected":"2026-10-10T08:56:00Z","intensity":0,"area_ha":null,"level":0}},{"type":"Feature","geometry":{"type":"Point","coordinates":[-102.7873,48.1644]},"properties":{"source":"cwfis","country":"US","agency":"ND","sensor":"VIIRS-I · NOAA-21","detected":"2026-10-10T08:56:00Z","intensity":620,"area_ha":null,"level":0}},{"type":"Feature","geometry":{"type":"Point","coordinates":[-103.4017,48.5872]},"properties":{"source":"cwfis","country":"US","agency":"ND","sensor":"VIIRS-I · NOAA-21","detected":"2026-10-10T08:56:00Z","intensity":0,"area_ha":null,"level":0}},{"type":"Feature","geometry":{"type":"Point","coordinates":[-103.7903,47.7304]},"properties":{"source":"cwfis","country":"US","agency":"ND","sensor":"VIIRS-I · NOAA-21","detected":"2026-10-10T08:56:00Z","intensity":570,"area_ha":null,"level":0}},{"type":"Feature","geometry":{"type":"Point","coordinates":[-103.0433,47.71]},"properties":{"source":"cwfis","country":"US","agency":"ND","sensor":"VIIRS-I · NOAA-21","detected":"2026-10-10T08:56:00Z","intensity":0,"area_ha":null,"level":0}},{"type":"Feature","geometry":{"type":"Point","coordinates":[-100.2353,47.3931]},"properties":{"source":"cwfis","country":"US","agency":"ND","sensor":"VIIRS-I · NOAA-21","detected":"2026-10-10T08:56:00Z","intensity":0,"area_ha":null,"level":0}},{"type":"Feature","geometry":{"type":"Point","coordinates":[-102.3976,48.6353]},"properties":{"source":"cwfis","country":"US","agency":"ND","sensor":"VIIRS-I · NOAA-21","detected":"2026-10-10T08:56:00Z","intensity":0,"area_ha":null,"level":0}},{"type":"Feature","geometry":{"type":"Point","coordinates":[-102.8062,48.7624]},"properties":{"source":"cwfis","country":"US","agency":"ND","sensor":"VIIRS-I · NOAA-21","detected":"2026-10-10T08:56:00Z","intensity":0,"area_ha":null,"level":0}},{"type":"Feature","geometry":{"type":"Point","coordinates":[-103.5968,48.0919]},"properties":{"source":"cwfis","country":"US","agency":"ND","sensor":"VIIRS-I · NOAA-21","detected":"2026-10-10T08:56:00Z","intensity":0,"area_ha":null,"level":0}},{"type":"Feature","geometry":{"type":"Point","coordinates":[-102.8663,48.115]},"properties":{"source":"cwfis","country":"US","agency":"ND","sensor":"VIIRS-I · NOAA-21","detected":"2026-10-10T08:56:00Z","intensity":0,"area_ha":null,"level":0}},{"type":"Feature","geometry":{"type":"Point","coordinates":[-104.0389,48.0218]},"properties":{"source":"cwfis","country":"US","agency":"ND","sensor":"VIIRS-I · NOAA-21","detected":"2026-10-10T08:56:00Z","intensity":0,"area_ha":null,"level":0}},{"type":"Feature","geometry":{"type":"Point","coordinates":[-103.333,47.8177]},"properties":{"source":"cwfis","country":"US","agency":"ND","sensor":"VIIRS-I · NOAA-21","detected":"2026-10-10T08:56:00Z","intensity":0,"area_ha":null,"level":0}},{"type":"Feature","geometry":{"type":"Point","coordinates":[-102.7951,48.0037]},"properties":{"source":"cwfis","country":"US","agency":"ND","sensor":"VIIRS-I · NOAA-21","detected":"2026-10-10T08:56:00Z","intensity":0,"area_ha":null,"level":0}},{"type":"Feature","geometry":{"type":"Point","coordinates":[-102.1559,48.1647]},"properties":{"source":"cwfis","country":"US","agency":"ND","sensor":"VIIRS-I · NOAA-21","detected":"2026-10-10T08:56:00Z","intensity":0,"area_ha":null,"level":0}},{"type":"Feature","geometry":{"type":"Point","coordinates":[-94.1188,48.8987]},"properties":{"source":"cwfis","country":"CA","agency":"ON","sensor":"VIIRS-I · NOAA-21","detected":"2026-10-10T08:56:00Z","intensity":833,"area_ha":null,"level":0}},{"type":"Feature","geometry":{"type":"Point","coordinates":[-104.2572,49.44]},"properties":{"source":"cwfis","country":"CA","agency":"SK","sensor":"VIIRS-I · NOAA-21","detected":"2026-10-10T08:56:00Z","intensity":360,"area_ha":null,"level":0}},{"type":"Feature","geometry":{"type":"Point","coordinates":[-107.1936,44.7617]},"properties":{"source":"cwfis","country":"US","agency":"WY","sensor":"VIIRS-I · NOAA-21","detected":"2026-10-10T08:58:00Z","intensity":0,"area_ha":null,"level":0}},{"type":"Feature","geometry":{"type":"Point","coordinates":[-107.1928,44.765]},"properties":{"source":"cwfis","country":"US","agency":"WY","sensor":"VIIRS-I · NOAA-21","detected":"2026-10-10T08:58:00Z","intensity":0,"area_ha":null,"level":0}},{"type":"Feature","geometry":{"type":"Point","coordinates":[-110.3867,43.6318]},"properties":{"source":"cwfis","country":"US","agency":"WY","sensor":"VIIRS-I · NOAA-21","detected":"2026-10-10T08:58:00Z","intensity":0,"area_ha":null,"level":0}},{"type":"Feature","geometry":{"type":"Point","coordinates":[-110.3674,43.6335]},"properties":{"source":"cwfis","country":"US","agency":"WY","sensor":"VIIRS-I · NOAA-21","detected":"2026-10-10T08:58:00Z","intensity":0,"area_ha":null,"level":0}},{"type":"Feature","geometry":{"type":"Point","coordinates":[-110.3857,43.6355]},"properties":{"source":"cwfis","country":"US","agency":"WY","sensor":"VIIRS-I · NOAA-21","detected":"2026-10-10T08:58:00Z","intensity":3384,"area_ha":null,"level":1}},{"type":"Feature","geometry":{"type":"Point","coordinates":[-104.7724,39.8496]},"properties":{"source":"cwfis","country":"US","agency":"CO","sensor":"VIIRS-I · NOAA-21","detected":"2026-10-10T08:58:00Z","intensity":0,"area_ha":null,"level":0}},{"type":"Feature","geometry":{"type":"Point","coordinates":[-105.0129,42.9546]},"properties":{"source":"cwfis","country":"US","agency":"WY","sensor":"VIIRS-I · NOAA-21","detected":"2026-10-10T08:58:00Z","intensity":0,"area_ha":null,"level":0}},{"type":"Feature","geometry":{"type":"Point","coordinates":[-105.0175,42.9553]},"properties":{"source":"cwfis","country":"US","agency":"WY","sensor":"VIIRS-I · NOAA-21","detected":"2026-10-10T08:58:00Z","intensity":0,"area_ha":null,"level":0}},{"type":"Feature","geometry":{"type":"Point","coordinates":[-102.7415,46.8764]},"properties":{"source":"cwfis","country":"US","agency":"ND","sensor":"VIIRS-I · NOAA-21","detected":"2026-10-10T08:58:00Z","intensity":0,"area_ha":null,"level":0}},{"type":"Feature","geometry":{"type":"Point","coordinates":[-118.4796,45.7443]},"properties":{"source":"cwfis","country":"US","agency":"OR","sensor":"VIIRS-I · NOAA-21","detected":"2026-10-10T08:58:00Z","intensity":1025,"area_ha":null,"level":0}},{"type":"Feature","geometry":{"type":"Point","coordinates":[-118.4744,45.7455]},"properties":{"source":"cwfis","country":"US","agency":"OR","sensor":"VIIRS-I · NOAA-21","detected":"2026-10-10T08:58:00Z","intensity":1084,"area_ha":null,"level":0}},{"type":"Feature","geometry":{"type":"Point","coordinates":[-110.3645,43.6447]},"properties":{"source":"cwfis","country":"US","agency":"WY","sensor":"VIIRS-I · NOAA-21","detected":"2026-10-10T08:58:00Z","intensity":0,"area_ha":null,"level":0}},{"type":"Feature","geometry":{"type":"Point","coordinates":[-110.3726,43.6379]},"properties":{"source":"cwfis","country":"US","agency":"WY","sensor":"VIIRS-I · NOAA-21","detected":"2026-10-10T08:58:00Z","intensity":0,"area_ha":null,"level":0}},{"type":"Feature","geometry":{"type":"Point","coordinates":[-107.2012,44.7522]},"properties":{"source":"cwfis","country":"US","agency":"WY","sensor":"VIIRS-I · NOAA-21","detected":"2026-10-10T08:58:00Z","intensity":0,"area_ha":null,"level":0}},{"type":"Feature","geometry":{"type":"Point","coordinates":[-107.1953,44.7549]},"properties":{"source":"cwfis","country":"US","agency":"WY","sensor":"VIIRS-I · NOAA-21","detected":"2026-10-10T08:58:00Z","intensity":0,"area_ha":null,"level":0}},{"type":"Feature","geometry":{"type":"Point","coordinates":[-110.3922,43.6362]},"properties":{"source":"cwfis","country":"US","agency":"WY","sensor":"VIIRS-I · NOAA-21","detected":"2026-10-10T08:58:00Z","intensity":3045,"area_ha":null,"level":1}},{"type":"Feature","geometry":{"type":"Point","coordinates":[-110.3931,43.6325]},"properties":{"source":"cwfis","country":"US","agency":"WY","sensor":"VIIRS-I · NOAA-21","detected":"2026-10-10T08:58:00Z","intensity":0,"area_ha":null,"level":0}},{"type":"Feature","geometry":{"type":"Point","coordinates":[-110.3798,43.6349]},"properties":{"source":"cwfis","country":"US","agency":"WY","sensor":"VIIRS-I · NOAA-21","detected":"2026-10-10T08:58:00Z","intensity":0,"area_ha":null,"level":0}},{"type":"Feature","geometry":{"type":"Point","coordinates":[-110.3664,43.6372]},"properties":{"source":"cwfis","country":"US","agency":"WY","sensor":"VIIRS-I · NOAA-21","detected":"2026-10-10T08:58:00Z","intensity":0,"area_ha":null,"level":0}},{"type":"Feature","geometry":{"type":"Point","coordinates":[-110.3808,43.6311]},"properties":{"source":"cwfis","country":"US","agency":"WY","sensor":"VIIRS-I · NOAA-21","detected":"2026-10-10T08:58:00Z","intensity":2904,"area_ha":null,"level":1}},{"type":"Feature","geometry":{"type":"Point","coordinates":[-105.0238,40.8623]},"properties":{"source":"cwfis","country":"US","agency":"CO","sensor":"VIIRS-I · NOAA-21","detected":"2026-10-10T08:58:00Z","intensity":0,"area_ha":null,"level":0}},{"type":"Feature","geometry":{"type":"Point","coordinates":[-105.0229,40.8655]},"properties":{"source":"cwfis","country":"US","agency":"CO","sensor":"VIIRS-I · NOAA-21","detected":"2026-10-10T08:58:00Z","intensity":0,"area_ha":null,"level":0}},{"type":"Feature","geometry":{"type":"Point","coordinates":[-94.5707,40.3038]},"properties":{"source":"cwfis","country":"US","agency":"MO","sensor":"VIIRS-I · NOAA-21","detected":"2026-10-10T08:58:00Z","intensity":0,"area_ha":null,"level":0}},{"type":"Feature","geometry":{"type":"Point","coordinates":[-110.3778,43.6423]},"properties":{"source":"cwfis","country":"US","agency":"WY","sensor":"VIIRS-I · NOAA-21","detected":"2026-10-10T08:58:00Z","intensity":0,"area_ha":null,"level":0}},{"type":"Feature","geometry":{"type":"Point","coordinates":[-91.7889,38.7754]},"properties":{"source":"cwfis","country":"US","agency":"MO","sensor":"VIIRS-I · NOAA-21","detected":"2026-10-10T08:58:00Z","intensity":20242,"area_ha":null,"level":2}},{"type":"Feature","geometry":{"type":"Point","coordinates":[-93.6142,42.8387]},"properties":{"source":"cwfis","country":"US","agency":"IA","sensor":"VIIRS-I · NOAA-21","detected":"2026-10-10T08:58:00Z","intensity":0,"area_ha":null,"level":0}},{"type":"Feature","geometry":{"type":"Point","coordinates":[-91.7891,38.7705]},"properties":{"source":"cwfis","country":"US","agency":"MO","sensor":"VIIRS-I · NOAA-21","detected":"2026-10-10T08:58:00Z","intensity":1531,"area_ha":null,"level":0}},{"type":"Feature","geometry":{"type":"Point","coordinates":[-110.3768,43.646]},"properties":{"source":"cwfis","country":"US","agency":"WY","sensor":"VIIRS-I · NOAA-21","detected":"2026-10-10T08:58:00Z","intensity":3212,"area_ha":null,"level":1}},{"type":"Feature","geometry":{"type":"Point","coordinates":[-110.3707,43.6454]},"properties":{"source":"cwfis","country":"US","agency":"WY","sensor":"VIIRS-I · NOAA-21","detected":"2026-10-10T08:58:00Z","intensity":8998,"area_ha":null,"level":1}},{"type":"Feature","geometry":{"type":"Point","coordinates":[-112.2054,36.7179]},"properties":{"source":"cwfis","country":"US","agency":"AZ","sensor":"VIIRS-I · NOAA-21","detected":"2026-10-10T09:00:00Z","intensity":5075,"area_ha":null,"level":1}},{"type":"Feature","geometry":{"type":"Point","coordinates":[-112.2111,36.753]},"properties":{"source":"cwfis","country":"US","agency":"AZ","sensor":"VIIRS-I · NOAA-21","detected":"2026-10-10T09:00:00Z","intensity":3321,"area_ha":null,"level":1}},{"type":"Feature","geometry":{"type":"Point","coordinates":[-112.2061,36.7486]},"properties":{"source":"cwfis","country":"US","agency":"AZ","sensor":"VIIRS-I · NOAA-21","detected":"2026-10-10T09:00:00Z","intensity":3515,"area_ha":null,"level":1}},{"type":"Feature","geometry":{"type":"Point","coordinates":[-112.2123,36.7455]},"properties":{"source":"cwfis","country":"US","agency":"AZ","sensor":"VIIRS-I · NOAA-21","detected":"2026-10-10T09:00:00Z","intensity":4466,"area_ha":null,"level":1}},{"type":"Feature","geometry":{"type":"Point","coordinates":[-112.1848,36.7385]},"properties":{"source":"cwfis","country":"US","agency":"AZ","sensor":"VIIRS-I · NOAA-21","detected":"2026-10-10T09:00:00Z","intensity":5483,"area_ha":null,"level":1}},{"type":"Feature","geometry":{"type":"Point","coordinates":[-112.2079,36.7373]},"properties":{"source":"cwfis","country":"US","agency":"AZ","sensor":"VIIRS-I · NOAA-21","detected":"2026-10-10T09:00:00Z","intensity":1511,"area_ha":null,"level":0}},{"type":"Feature","geometry":{"type":"Point","coordinates":[-112.2117,36.7492]},"properties":{"source":"cwfis","country":"US","agency":"AZ","sensor":"VIIRS-I · NOAA-21","detected":"2026-10-10T09:00:00Z","intensity":5387,"area_ha":null,"level":1}},{"type":"Feature","geometry":{"type":"Point","coordinates":[-111.9178,35.4347]},"properties":{"source":"cwfis","country":"US","agency":"AZ","sensor":"VIIRS-I · NOAA-21","detected":"2026-10-10T09:00:00Z","intensity":29111,"area_ha":null,"level":2}},{"type":"Feature","geometry":{"type":"Point","coordinates":[-111.9064,35.4371]},"properties":{"source":"cwfis","country":"US","agency":"AZ","sensor":"VIIRS-I · NOAA-21","detected":"2026-10-10T09:00:00Z","intensity":28139,"area_ha":null,"level":2}},{"type":"Feature","geometry":{"type":"Point","coordinates":[-112.1797,36.7341]},"properties":{"source":"cwfis","country":"US","agency":"AZ","sensor":"VIIRS-I · NOAA-21","detected":"2026-10-10T09:00:00Z","intensity":20529,"area_ha":null,"level":2}},{"type":"Feature","geometry":{"type":"Point","coordinates":[-111.9108,35.4413]},"properties":{"source":"cwfis","country":"US","agency":"AZ","sensor":"VIIRS-I · NOAA-21","detected":"2026-10-10T09:00:00Z","intensity":29107,"area_ha":null,"level":2}},{"type":"Feature","geometry":{"type":"Point","coordinates":[-111.9055,35.4407]},"properties":{"source":"cwfis","country":"US","agency":"AZ","sensor":"VIIRS-I · NOAA-21","detected":"2026-10-10T09:00:00Z","intensity":24172,"area_ha":null,"level":2}},{"type":"Feature","geometry":{"type":"Point","coordinates":[-95.9049,34.9523]},"properties":{"source":"cwfis","country":"US","agency":"OK","sensor":"VIIRS-I · NOAA-21","detected":"2026-10-10T09:00:00Z","intensity":742,"area_ha":null,"level":0}},{"type":"Feature","geometry":{"type":"Point","coordinates":[-96.0854,31.5324]},"properties":{"source":"cwfis","country":"US","agency":"TX","sensor":"VIIRS-I · NOAA-21","detected":"2026-10-10T09:00:00Z","intensity":215,"area_ha":null,"level":0}},{"type":"Feature","geometry":{"type":"Point","coordinates":[-111.9125,35.4341]},"properties":{"source":"cwfis","country":"US","agency":"AZ","sensor":"VIIRS-I · NOAA-21","detected":"2026-10-10T09:00:00Z","intensity":30268,"area_ha":null,"level":2}},{"type":"Feature","geometry":{"type":"Point","coordinates":[-96.0048,33.0997]},"properties":{"source":"cwfis","country":"US","agency":"TX","sensor":"VIIRS-I · NOAA-21","detected":"2026-10-10T09:00:00Z","intensity":357,"area_ha":null,"level":0}},{"type":"Feature","geometry":{"type":"Point","coordinates":[-94.2954,33.544]},"properties":{"source":"cwfis","country":"US","agency":"TX","sensor":"VIIRS-I · NOAA-21","detected":"2026-10-10T09:00:00Z","intensity":649,"area_ha":null,"level":0}},{"type":"Feature","geometry":{"type":"Point","coordinates":[-96.4342,34.301]},"properties":{"source":"cwfis","country":"US","agency":"OK","sensor":"VIIRS-I · NOAA-21","detected":"2026-10-10T09:00:00Z","intensity":0,"area_ha":null,"level":0}},{"type":"Feature","geometry":{"type":"Point","coordinates":[-96.0049,33.1026]},"properties":{"source":"cwfis","country":"US","agency":"TX","sensor":"VIIRS-I · NOAA-21","detected":"2026-10-10T09:00:00Z","intensity":475,"area_ha":null,"level":0}},{"type":"Feature","geometry":{"type":"Point","coordinates":[-111.7664,39.3773]},"properties":{"source":"cwfis","country":"US","agency":"UT","sensor":"VIIRS-I · NOAA-21","detected":"2026-10-10T09:00:00Z","intensity":0,"area_ha":null,"level":0}},{"type":"Feature","geometry":{"type":"Point","coordinates":[-111.6142,39.0643]},"properties":{"source":"cwfis","country":"US","agency":"UT","sensor":"VIIRS-I · NOAA-21","detected":"2026-10-10T09:00:00Z","intensity":25724,"area_ha":null,"level":2}},{"type":"Feature","geometry":{"type":"Point","coordinates":[-111.7658,39.3811]},"properties":{"source":"cwfis","country":"US","agency":"UT","sensor":"VIIRS-I · NOAA-21","detected":"2026-10-10T09:00:00Z","intensity":0,"area_ha":null,"level":0}},{"type":"Feature","geometry":{"type":"Point","coordinates":[-111.7711,39.3895]},"properties":{"source":"cwfis","country":"US","agency":"UT","sensor":"VIIRS-I · NOAA-21","detected":"2026-10-10T09:00:00Z","intensity":0,"area_ha":null,"level":0}},{"type":"Feature","geometry":{"type":"Point","coordinates":[-111.6078,39.0635]},"properties":{"source":"cwfis","country":"US","agency":"UT","sensor":"VIIRS-I · NOAA-21","detected":"2026-10-10T09:00:00Z","intensity":31946,"area_ha":null,"level":2}},{"type":"Feature","geometry":{"type":"Point","coordinates":[-111.6213,39.0612]},"properties":{"source":"cwfis","country":"US","agency":"UT","sensor":"VIIRS-I · NOAA-21","detected":"2026-10-10T09:00:00Z","intensity":25210,"area_ha":null,"level":2}},{"type":"Feature","geometry":{"type":"Point","coordinates":[-111.6073,39.0673]},"properties":{"source":"cwfis","country":"US","agency":"UT","sensor":"VIIRS-I · NOAA-21","detected":"2026-10-10T09:00:00Z","intensity":10860,"area_ha":null,"level":2}},{"type":"Feature","geometry":{"type":"Point","coordinates":[-111.6084,39.0597]},"properties":{"source":"cwfis","country":"US","agency":"UT","sensor":"VIIRS-I · NOAA-21","detected":"2026-10-10T09:00:00Z","intensity":10911,"area_ha":null,"level":2}},{"type":"Feature","geometry":{"type":"Point","coordinates":[-106.6436,35.0254]},"properties":{"source":"cwfis","country":"US","agency":"NM","sensor":"VIIRS-I · NOAA-21","detected":"2026-10-10T09:00:00Z","intensity":154,"area_ha":null,"level":0}},{"type":"Feature","geometry":{"type":"Point","coordinates":[-94.4763,32.9103]},"properties":{"source":"cwfis","country":"US","agency":"TX","sensor":"VIIRS-I · NOAA-21","detected":"2026-10-10T09:00:00Z","intensity":1857,"area_ha":null,"level":0}},{"type":"Feature","geometry":{"type":"Point","coordinates":[-96.342,34.2372]},"properties":{"source":"cwfis","country":"US","agency":"OK","sensor":"VIIRS-I · NOAA-21","detected":"2026-10-10T09:00:00Z","intensity":295,"area_ha":null,"level":0}},{"type":"Feature","geometry":{"type":"Point","coordinates":[-104.7039,39.6521]},"properties":{"source":"cwfis","country":"US","agency":"CO","sensor":"VIIRS-I · NOAA-21","detected":"2026-10-10T09:00:00Z","intensity":0,"area_ha":null,"level":0}},{"type":"Feature","geometry":{"type":"Point","coordinates":[-111.1501,40.4488]},"properties":{"source":"cwfis","country":"US","agency":"UT","sensor":"VIIRS-I · NOAA-21","detected":"2026-10-10T09:00:00Z","intensity":0,"area_ha":null,"level":0}},{"type":"Feature","geometry":{"type":"Point","coordinates":[-111.6493,39.0682]},"properties":{"source":"cwfis","country":"US","agency":"UT","sensor":"VIIRS-I · NOAA-21","detected":"2026-10-10T09:00:00Z","intensity":34303,"area_ha":null,"level":2}},{"type":"Feature","geometry":{"type":"Point","coordinates":[-111.6139,39.068]},"properties":{"source":"cwfis","country":"US","agency":"UT","sensor":"VIIRS-I · NOAA-21","detected":"2026-10-10T09:00:00Z","intensity":35249,"area_ha":null,"level":2}},{"type":"Feature","geometry":{"type":"Point","coordinates":[-96.4302,34.3]},"properties":{"source":"cwfis","country":"US","agency":"OK","sensor":"VIIRS-I · NOAA-21","detected":"2026-10-10T09:00:00Z","intensity":2985,"area_ha":null,"level":1}},{"type":"Feature","geometry":{"type":"Point","coordinates":[-110.3868,40.1383]},"properties":{"source":"cwfis","country":"US","agency":"UT","sensor":"VIIRS-I · NOAA-21","detected":"2026-10-10T09:00:00Z","intensity":437,"area_ha":null,"level":0}},{"type":"Feature","geometry":{"type":"Point","coordinates":[-112.2041,36.7254]},"properties":{"source":"cwfis","country":"US","agency":"AZ","sensor":"VIIRS-I · NOAA-21","detected":"2026-10-10T09:00:00Z","intensity":1824,"area_ha":null,"level":0}},{"type":"Feature","geometry":{"type":"Point","coordinates":[-111.6091,39.056]},"properties":{"source":"cwfis","country":"US","agency":"UT","sensor":"VIIRS-I · NOAA-21","detected":"2026-10-10T09:00:00Z","intensity":10084,"area_ha":null,"level":2}},{"type":"Feature","geometry":{"type":"Point","coordinates":[-111.5639,39.0662]},"properties":{"source":"cwfis","country":"US","agency":"UT","sensor":"VIIRS-I · NOAA-21","detected":"2026-10-10T09:00:00Z","intensity":2385,"area_ha":null,"level":1}},{"type":"Feature","geometry":{"type":"Point","coordinates":[-111.5634,39.07]},"properties":{"source":"cwfis","country":"US","agency":"UT","sensor":"VIIRS-I · NOAA-21","detected":"2026-10-10T09:00:00Z","intensity":2558,"area_ha":null,"level":1}},{"type":"Feature","geometry":{"type":"Point","coordinates":[-111.4268,38.901]},"properties":{"source":"cwfis","country":"US","agency":"UT","sensor":"VIIRS-I · NOAA-21","detected":"2026-10-10T09:00:00Z","intensity":17295,"area_ha":null,"level":2}},{"type":"Feature","geometry":{"type":"Point","coordinates":[-111.6148,39.0605]},"properties":{"source":"cwfis","country":"US","agency":"UT","sensor":"VIIRS-I · NOAA-21","detected":"2026-10-10T09:00:00Z","intensity":9337,"area_ha":null,"level":1}},{"type":"Feature","geometry":{"type":"Point","coordinates":[-111.9117,35.4377]},"properties":{"source":"cwfis","country":"US","agency":"AZ","sensor":"VIIRS-I · NOAA-21","detected":"2026-10-10T09:00:00Z","intensity":30187,"area_ha":null,"level":2}},{"type":"Feature","geometry":{"type":"Point","coordinates":[-95.6557,32.8234]},"properties":{"source":"cwfis","country":"US","agency":"TX","sensor":"VIIRS-I · NOAA-21","detected":"2026-10-10T09:00:00Z","intensity":382,"area_ha":null,"level":0}},{"type":"Feature","geometry":{"type":"Point","coordinates":[-111.4155,38.8997]},"properties":{"source":"cwfis","country":"US","agency":"UT","sensor":"VIIRS-I · NOAA-21","detected":"2026-10-10T09:00:00Z","intensity":17342,"area_ha":null,"level":2}},{"type":"Feature","geometry":{"type":"Point","coordinates":[-118.4032,35.6933]},"properties":{"source":"cwfis","country":"US","agency":"CA","sensor":"VIIRS-I · NOAA-21","detected":"2026-10-10T09:00:00Z","intensity":6855,"area_ha":null,"level":1}},{"type":"Feature","geometry":{"type":"Point","coordinates":[-115.0496,36.0849]},"properties":{"source":"cwfis","country":"US","agency":"NV","sensor":"VIIRS-I · NOAA-21","detected":"2026-10-10T09:00:00Z","intensity":0,"area_ha":null,"level":0}},{"type":"Feature","geometry":{"type":"Point","coordinates":[-110.3888,40.1508]},"properties":{"source":"cwfis","country":"US","agency":"UT","sensor":"VIIRS-I · NOAA-21","detected":"2026-10-10T09:00:00Z","intensity":1951,"area_ha":null,"level":0}},{"type":"Feature","geometry":{"type":"Point","coordinates":[-95.3186,30.1415]},"properties":{"source":"cwfis","country":"US","agency":"TX","sensor":"VIIRS-I · NOAA-21","detected":"2026-10-10T09:02:00Z","intensity":692,"area_ha":null,"level":0}},{"type":"Feature","geometry":{"type":"Point","coordinates":[-97.4619,28.8839]},"properties":{"source":"cwfis","country":"US","agency":"TX","sensor":"VIIRS-I · NOAA-21","detected":"2026-10-10T09:02:00Z","intensity":320,"area_ha":null,"level":0}},{"type":"Feature","geometry":{"type":"Point","coordinates":[-101.4186,32.2682]},"properties":{"source":"cwfis","country":"US","agency":"TX","sensor":"VIIRS-I · NOAA-21","detected":"2026-10-10T09:02:00Z","intensity":5848,"area_ha":null,"level":1}},{"type":"Feature","geometry":{"type":"Point","coordinates":[-101.8216,32.0532]},"properties":{"source":"cwfis","country":"US","agency":"TX","sensor":"VIIRS-I · NOAA-21","detected":"2026-10-10T09:02:00Z","intensity":912,"area_ha":null,"level":0}},{"type":"Feature","geometry":{"type":"Point","coordinates":[-99.0143,27.0888]},"properties":{"source":"cwfis","country":"US","agency":"TX","sensor":"VIIRS-I · NOAA-21","detected":"2026-10-10T09:02:00Z","intensity":3178,"area_ha":null,"level":1}},{"type":"Feature","geometry":{"type":"Point","coordinates":[-99.1677,28.3201]},"properties":{"source":"cwfis","country":"US","agency":"TX","sensor":"VIIRS-I · NOAA-21","detected":"2026-10-10T09:02:00Z","intensity":2942,"area_ha":null,"level":1}},{"type":"Feature","geometry":{"type":"Point","coordinates":[-98.7779,28.4967]},"properties":{"source":"cwfis","country":"US","agency":"TX","sensor":"VIIRS-I · NOAA-21","detected":"2026-10-10T09:02:00Z","intensity":3402,"area_ha":null,"level":1}},{"type":"Feature","geometry":{"type":"Point","coordinates":[-104.0129,32.1142]},"properties":{"source":"cwfis","country":"US","agency":"NM","sensor":"VIIRS-I · NOAA-21","detected":"2026-10-10T09:02:00Z","intensity":1216,"area_ha":null,"level":0}},{"type":"Feature","geometry":{"type":"Point","coordinates":[-101.5916,31.3446]},"properties":{"source":"cwfis","country":"US","agency":"TX","sensor":"VIIRS-I · NOAA-21","detected":"2026-10-10T09:02:00Z","intensity":656,"area_ha":null,"level":0}},{"type":"Feature","geometry":{"type":"Point","coordinates":[-102.0503,31.8008]},"properties":{"source":"cwfis","country":"US","agency":"TX","sensor":"VIIRS-I · NOAA-21","detected":"2026-10-10T09:02:00Z","intensity":276,"area_ha":null,"level":0}},{"type":"Feature","geometry":{"type":"Point","coordinates":[-101.99,31.7968]},"properties":{"source":"cwfis","country":"US","agency":"TX","sensor":"VIIRS-I · NOAA-21","detected":"2026-10-10T09:02:00Z","intensity":282,"area_ha":null,"level":0}},{"type":"Feature","geometry":{"type":"Point","coordinates":[-102.5849,32.0685]},"properties":{"source":"cwfis","country":"US","agency":"TX","sensor":"VIIRS-I · NOAA-21","detected":"2026-10-10T09:02:00Z","intensity":265,"area_ha":null,"level":0}},{"type":"Feature","geometry":{"type":"Point","coordinates":[-93.8766,30.024]},"properties":{"source":"cwfis","country":"US","agency":"TX","sensor":"VIIRS-I · NOAA-21","detected":"2026-10-10T09:02:00Z","intensity":45,"area_ha":null,"level":0}},{"type":"Feature","geometry":{"type":"Point","coordinates":[-97.1116,29.7251]},"properties":{"source":"cwfis","country":"US","agency":"TX","sensor":"VIIRS-I · NOAA-21","detected":"2026-10-10T09:02:00Z","intensity":61,"area_ha":null,"level":0}},{"type":"Feature","geometry":{"type":"Point","coordinates":[-97.8302,28.9574]},"properties":{"source":"cwfis","country":"US","agency":"TX","sensor":"VIIRS-I · NOAA-21","detected":"2026-10-10T09:02:00Z","intensity":190,"area_ha":null,"level":0}},{"type":"Feature","geometry":{"type":"Point","coordinates":[-101.512,32.3675]},"properties":{"source":"cwfis","country":"US","agency":"TX","sensor":"VIIRS-I · NOAA-21","detected":"2026-10-10T09:02:00Z","intensity":575,"area_ha":null,"level":0}},{"type":"Feature","geometry":{"type":"Point","coordinates":[-101.6733,32.5341]},"properties":{"source":"cwfis","country":"US","agency":"TX","sensor":"VIIRS-I · NOAA-21","detected":"2026-10-10T09:02:00Z","intensity":577,"area_ha":null,"level":0}},{"type":"Feature","geometry":{"type":"Point","coordinates":[-101.8175,31.6233]},"properties":{"source":"cwfis","country":"US","agency":"TX","sensor":"VIIRS-I · NOAA-21","detected":"2026-10-10T09:02:00Z","intensity":577,"area_ha":null,"level":0}},{"type":"Feature","geometry":{"type":"Point","coordinates":[-97.2666,27.9005]},"properties":{"source":"cwfis","country":"US","agency":"TX","sensor":"VIIRS-I · NOAA-21","detected":"2026-10-10T09:02:00Z","intensity":1461,"area_ha":null,"level":0}},{"type":"Feature","geometry":{"type":"Point","coordinates":[-98.3072,26.388]},"properties":{"source":"cwfis","country":"US","agency":"TX","sensor":"VIIRS-I · NOAA-21","detected":"2026-10-10T09:02:00Z","intensity":115,"area_ha":null,"level":0}},{"type":"Feature","geometry":{"type":"Point","coordinates":[-93.9337,29.9866]},"properties":{"source":"cwfis","country":"US","agency":"TX","sensor":"VIIRS-I · NOAA-21","detected":"2026-10-10T09:02:00Z","intensity":0,"area_ha":null,"level":0}},{"type":"Feature","geometry":{"type":"Point","coordinates":[-93.9354,29.99]},"properties":{"source":"cwfis","country":"US","agency":"TX","sensor":"VIIRS-I · NOAA-21","detected":"2026-10-10T09:02:00Z","intensity":0,"area_ha":null,"level":0}},{"type":"Feature","geometry":{"type":"Point","coordinates":[-98.8528,28.5487]},"properties":{"source":"cwfis","country":"US","agency":"TX","sensor":"VIIRS-I · NOAA-21","detected":"2026-10-10T09:02:00Z","intensity":0,"area_ha":null,"level":0}},{"type":"Feature","geometry":{"type":"Point","coordinates":[-101.5209,31.3429]},"properties":{"source":"cwfis","country":"US","agency":"TX","sensor":"VIIRS-I · NOAA-21","detected":"2026-10-10T09:02:00Z","intensity":997,"area_ha":null,"level":0}},{"type":"Feature","geometry":{"type":"Point","coordinates":[-98.1869,28.4526]},"properties":{"source":"cwfis","country":"US","agency":"TX","sensor":"VIIRS-I · NOAA-21","detected":"2026-10-10T09:02:00Z","intensity":0,"area_ha":null,"level":0}},{"type":"Feature","geometry":{"type":"Point","coordinates":[-101.9629,32.1529]},"properties":{"source":"cwfis","country":"US","agency":"TX","sensor":"VIIRS-I · NOAA-21","detected":"2026-10-10T09:02:00Z","intensity":1429,"area_ha":null,"level":0}},{"type":"Feature","geometry":{"type":"Point","coordinates":[-98.7818,28.4976]},"properties":{"source":"cwfis","country":"US","agency":"TX","sensor":"VIIRS-I · NOAA-21","detected":"2026-10-10T09:02:00Z","intensity":2506,"area_ha":null,"level":1}},{"type":"Feature","geometry":{"type":"Point","coordinates":[-102.1098,31.354]},"properties":{"source":"cwfis","country":"US","agency":"TX","sensor":"VIIRS-I · NOAA-21","detected":"2026-10-10T09:02:00Z","intensity":140,"area_ha":null,"level":0}},{"type":"Feature","geometry":{"type":"Point","coordinates":[-99.0838,28.3771]},"properties":{"source":"cwfis","country":"US","agency":"TX","sensor":"VIIRS-I · NOAA-21","detected":"2026-10-10T09:02:00Z","intensity":2669,"area_ha":null,"level":1}},{"type":"Feature","geometry":{"type":"Point","coordinates":[-103.7372,32.5687]},"properties":{"source":"cwfis","country":"US","agency":"NM","sensor":"VIIRS-I · NOAA-21","detected":"2026-10-10T09:02:00Z","intensity":554,"area_ha":null,"level":0}},{"type":"Feature","geometry":{"type":"Point","coordinates":[-103.6473,31.7832]},"properties":{"source":"cwfis","country":"US","agency":"TX","sensor":"VIIRS-I · NOAA-21","detected":"2026-10-10T09:02:00Z","intensity":511,"area_ha":null,"level":0}},{"type":"Feature","geometry":{"type":"Point","coordinates":[-103.702,31.9794]},"properties":{"source":"cwfis","country":"US","agency":"TX","sensor":"VIIRS-I · NOAA-21","detected":"2026-10-10T09:02:00Z","intensity":675,"area_ha":null,"level":0}},{"type":"Feature","geometry":{"type":"Point","coordinates":[-103.9192,32.0922]},"properties":{"source":"cwfis","country":"US","agency":"NM","sensor":"VIIRS-I · NOAA-21","detected":"2026-10-10T09:02:00Z","intensity":788,"area_ha":null,"level":0}},{"type":"Feature","geometry":{"type":"Point","coordinates":[-102.1931,31.703]},"properties":{"source":"cwfis","country":"US","agency":"TX","sensor":"VIIRS-I · NOAA-21","detected":"2026-10-10T09:02:00Z","intensity":226,"area_ha":null,"level":0}},{"type":"Feature","geometry":{"type":"Point","coordinates":[-102.8862,31.472]},"properties":{"source":"cwfis","country":"US","agency":"TX","sensor":"VIIRS-I · NOAA-21","detected":"2026-10-10T09:02:00Z","intensity":779,"area_ha":null,"level":0}},{"type":"Feature","geometry":{"type":"Point","coordinates":[-103.5143,32.0491]},"properties":{"source":"cwfis","country":"US","agency":"NM","sensor":"VIIRS-I · NOAA-21","detected":"2026-10-10T09:02:00Z","intensity":121,"area_ha":null,"level":0}},{"type":"Feature","geometry":{"type":"Point","coordinates":[-103.7984,31.5768]},"properties":{"source":"cwfis","country":"US","agency":"TX","sensor":"VIIRS-I · NOAA-21","detected":"2026-10-10T09:02:00Z","intensity":77,"area_ha":null,"level":0}},{"type":"Feature","geometry":{"type":"Point","coordinates":[-124.5615,54.0319]},"properties":{"source":"cwfis","country":"CA","agency":"BC","sensor":"VIIRS-I · NOAA-20","detected":"2026-10-10T09:52:00Z","intensity":10,"area_ha":null,"level":0}},{"type":"Feature","geometry":{"type":"Point","coordinates":[-127.2759,54.6483]},"properties":{"source":"cwfis","country":"CA","agency":"BC","sensor":"VIIRS-I · NOAA-20","detected":"2026-10-10T09:52:00Z","intensity":0,"area_ha":null,"level":0}},{"type":"Feature","geometry":{"type":"Point","coordinates":[-102.3969,48.6334]},"properties":{"source":"cwfis","country":"US","agency":"ND","sensor":"VIIRS-I · NOAA-20","detected":"2026-10-10T09:52:00Z","intensity":0,"area_ha":null,"level":0}},{"type":"Feature","geometry":{"type":"Point","coordinates":[-103.4028,48.5864]},"properties":{"source":"cwfis","country":"US","agency":"ND","sensor":"VIIRS-I · NOAA-20","detected":"2026-10-10T09:52:00Z","intensity":0,"area_ha":null,"level":0}},{"type":"Feature","geometry":{"type":"Point","coordinates":[-126.8992,54.6978]},"properties":{"source":"cwfis","country":"CA","agency":"BC","sensor":"VIIRS-I · NOAA-20","detected":"2026-10-10T09:52:00Z","intensity":0,"area_ha":null,"level":0}},{"type":"Feature","geometry":{"type":"Point","coordinates":[-126.9044,54.698]},"properties":{"source":"cwfis","country":"CA","agency":"BC","sensor":"VIIRS-I · NOAA-20","detected":"2026-10-10T09:52:00Z","intensity":0,"area_ha":null,"level":0}},{"type":"Feature","geometry":{"type":"Point","coordinates":[-94.1209,48.899]},"properties":{"source":"cwfis","country":"CA","agency":"ON","sensor":"VIIRS-I · NOAA-20","detected":"2026-10-10T09:52:00Z","intensity":833,"area_ha":null,"level":0}},{"type":"Feature","geometry":{"type":"Point","coordinates":[-102.7874,48.1646]},"properties":{"source":"cwfis","country":"US","agency":"ND","sensor":"VIIRS-I · NOAA-20","detected":"2026-10-10T09:52:00Z","intensity":620,"area_ha":null,"level":0}},{"type":"Feature","geometry":{"type":"Point","coordinates":[-102.7954,48.0072]},"properties":{"source":"cwfis","country":"US","agency":"ND","sensor":"VIIRS-I · NOAA-20","detected":"2026-10-10T09:52:00Z","intensity":0,"area_ha":null,"level":0}},{"type":"Feature","geometry":{"type":"Point","coordinates":[-102.8704,48.1164]},"properties":{"source":"cwfis","country":"US","agency":"ND","sensor":"VIIRS-I · NOAA-20","detected":"2026-10-10T09:52:00Z","intensity":0,"area_ha":null,"level":0}},{"type":"Feature","geometry":{"type":"Point","coordinates":[-102.9133,48.0956]},"properties":{"source":"cwfis","country":"US","agency":"ND","sensor":"VIIRS-I · NOAA-20","detected":"2026-10-10T09:52:00Z","intensity":0,"area_ha":null,"level":0}},{"type":"Feature","geometry":{"type":"Point","coordinates":[-102.7299,47.9495]},"properties":{"source":"cwfis","country":"US","agency":"ND","sensor":"VIIRS-I · NOAA-20","detected":"2026-10-10T09:52:00Z","intensity":0,"area_ha":null,"level":0}},{"type":"Feature","geometry":{"type":"Point","coordinates":[-94.124,48.9026]},"properties":{"source":"cwfis","country":"CA","agency":"ON","sensor":"VIIRS-I · NOAA-20","detected":"2026-10-10T09:52:00Z","intensity":833,"area_ha":null,"level":0}},{"type":"Feature","geometry":{"type":"Point","coordinates":[-127.2774,54.6432]},"properties":{"source":"cwfis","country":"CA","agency":"BC","sensor":"VIIRS-I · NOAA-20","detected":"2026-10-10T09:52:00Z","intensity":0,"area_ha":null,"level":0}},{"type":"Feature","geometry":{"type":"Point","coordinates":[-127.2656,54.6479]},"properties":{"source":"cwfis","country":"CA","agency":"BC","sensor":"VIIRS-I · NOAA-20","detected":"2026-10-10T09:52:00Z","intensity":0,"area_ha":null,"level":0}},{"type":"Feature","geometry":{"type":"Point","coordinates":[-127.2707,54.6481]},"properties":{"source":"cwfis","country":"CA","agency":"BC","sensor":"VIIRS-I · NOAA-20","detected":"2026-10-10T09:52:00Z","intensity":0,"area_ha":null,"level":0}},{"type":"Feature","geometry":{"type":"Point","coordinates":[-107.2139,44.7514]},"properties":{"source":"cwfis","country":"US","agency":"WY","sensor":"VIIRS-I · NOAA-20","detected":"2026-10-10T09:54:00Z","intensity":0,"area_ha":null,"level":0}},{"type":"Feature","geometry":{"type":"Point","coordinates":[-107.196,44.7566]},"properties":{"source":"cwfis","country":"US","agency":"WY","sensor":"VIIRS-I · NOAA-20","detected":"2026-10-10T09:54:00Z","intensity":0,"area_ha":null,"level":0}},{"type":"Feature","geometry":{"type":"Point","coordinates":[-107.1984,44.7524]},"properties":{"source":"cwfis","country":"US","agency":"WY","sensor":"VIIRS-I · NOAA-20","detected":"2026-10-10T09:54:00Z","intensity":0,"area_ha":null,"level":0}},{"type":"Feature","geometry":{"type":"Point","coordinates":[-107.1912,44.7652]},"properties":{"source":"cwfis","country":"US","agency":"WY","sensor":"VIIRS-I · NOAA-20","detected":"2026-10-10T09:54:00Z","intensity":0,"area_ha":null,"level":0}},{"type":"Feature","geometry":{"type":"Point","coordinates":[-114.2015,43.8972]},"properties":{"source":"cwfis","country":"US","agency":"ID","sensor":"VIIRS-I · NOAA-20","detected":"2026-10-10T09:54:00Z","intensity":0,"area_ha":null,"level":0}},{"type":"Feature","geometry":{"type":"Point","coordinates":[-118.5771,48.6743]},"properties":{"source":"cwfis","country":"US","agency":"WA","sensor":"VIIRS-I · NOAA-20","detected":"2026-10-10T09:54:00Z","intensity":933,"area_ha":null,"level":0}},{"type":"Feature","geometry":{"type":"Point","coordinates":[-118.2539,48.6173]},"properties":{"source":"cwfis","country":"US","agency":"WA","sensor":"VIIRS-I · NOAA-20","detected":"2026-10-10T09:54:00Z","intensity":1078,"area_ha":null,"level":0}},{"type":"Feature","geometry":{"type":"Point","coordinates":[-118.2628,45.4116]},"properties":{"source":"cwfis","country":"US","agency":"OR","sensor":"VIIRS-I · NOAA-20","detected":"2026-10-10T09:54:00Z","intensity":43750,"area_ha":null,"level":2}},{"type":"Feature","geometry":{"type":"Point","coordinates":[-121.9193,44.97]},"properties":{"source":"cwfis","country":"US","agency":"OR","sensor":"VIIRS-I · NOAA-20","detected":"2026-10-10T09:54:00Z","intensity":1389,"area_ha":null,"level":0}},{"type":"Feature","geometry":{"type":"Point","coordinates":[-119.3455,45.7694]},"properties":{"source":"cwfis","country":"US","agency":"OR","sensor":"VIIRS-I · NOAA-20","detected":"2026-10-10T09:54:00Z","intensity":2139,"area_ha":null,"level":1}},{"type":"Feature","geometry":{"type":"Point","coordinates":[-105.4243,43.7924]},"properties":{"source":"cwfis","country":"US","agency":"WY","sensor":"VIIRS-I · NOAA-20","detected":"2026-10-10T09:54:00Z","intensity":0,"area_ha":null,"level":0}},{"type":"Feature","geometry":{"type":"Point","coordinates":[-118.4794,45.747]},"properties":{"source":"cwfis","country":"US","agency":"OR","sensor":"VIIRS-I · NOAA-20","detected":"2026-10-10T09:54:00Z","intensity":968,"area_ha":null,"level":0}},{"type":"Feature","geometry":{"type":"Point","coordinates":[-118.2582,48.6214]},"properties":{"source":"cwfis","country":"US","agency":"WA","sensor":"VIIRS-I · NOAA-20","detected":"2026-10-10T09:54:00Z","intensity":201,"area_ha":null,"level":0}},{"type":"Feature","geometry":{"type":"Point","coordinates":[-110.368,43.6454]},"properties":{"source":"cwfis","country":"US","agency":"WY","sensor":"VIIRS-I · NOAA-20","detected":"2026-10-10T09:54:00Z","intensity":8990,"area_ha":null,"level":1}},{"type":"Feature","geometry":{"type":"Point","coordinates":[-105.0184,42.9561]},"properties":{"source":"cwfis","country":"US","agency":"WY","sensor":"VIIRS-I · NOAA-20","detected":"2026-10-10T09:54:00Z","intensity":0,"area_ha":null,"level":0}},{"type":"Feature","geometry":{"type":"Point","coordinates":[-114.1893,43.8985]},"properties":{"source":"cwfis","country":"US","agency":"ID","sensor":"VIIRS-I · NOAA-20","detected":"2026-10-10T09:54:00Z","intensity":56533,"area_ha":null,"level":2}},{"type":"Feature","geometry":{"type":"Point","coordinates":[-104.9875,42.9588]},"properties":{"source":"cwfis","country":"US","agency":"WY","sensor":"VIIRS-I · NOAA-20","detected":"2026-10-10T09:54:00Z","intensity":5722,"area_ha":null,"level":1}},{"type":"Feature","geometry":{"type":"Point","coordinates":[-118.2529,48.6207]},"properties":{"source":"cwfis","country":"US","agency":"WA","sensor":"VIIRS-I · NOAA-20","detected":"2026-10-10T09:54:00Z","intensity":233,"area_ha":null,"level":0}},{"type":"Feature","geometry":{"type":"Point","coordinates":[-118.2486,48.6166]},"properties":{"source":"cwfis","country":"US","agency":"WA","sensor":"VIIRS-I · NOAA-20","detected":"2026-10-10T09:54:00Z","intensity":221,"area_ha":null,"level":0}},{"type":"Feature","geometry":{"type":"Point","coordinates":[-120.7996,48.3747]},"properties":{"source":"cwfis","country":"US","agency":"WA","sensor":"VIIRS-I · NOAA-20","detected":"2026-10-10T09:54:00Z","intensity":7770,"area_ha":null,"level":1}},{"type":"Feature","geometry":{"type":"Point","coordinates":[-120.7998,48.371]},"properties":{"source":"cwfis","country":"US","agency":"WA","sensor":"VIIRS-I · NOAA-20","detected":"2026-10-10T09:54:00Z","intensity":7918,"area_ha":null,"level":1}},{"type":"Feature","geometry":{"type":"Point","coordinates":[-120.7929,48.3665]},"properties":{"source":"cwfis","country":"US","agency":"WA","sensor":"VIIRS-I · NOAA-20","detected":"2026-10-10T09:54:00Z","intensity":8495,"area_ha":null,"level":1}},{"type":"Feature","geometry":{"type":"Point","coordinates":[-120.8607,48.3628]},"properties":{"source":"cwfis","country":"US","agency":"WA","sensor":"VIIRS-I · NOAA-20","detected":"2026-10-10T09:54:00Z","intensity":8122,"area_ha":null,"level":1}},{"type":"Feature","geometry":{"type":"Point","coordinates":[-120.2244,45.6399]},"properties":{"source":"cwfis","country":"US","agency":"OR","sensor":"VIIRS-I · NOAA-20","detected":"2026-10-10T09:54:00Z","intensity":409,"area_ha":null,"level":0}},{"type":"Feature","geometry":{"type":"Point","coordinates":[-112.2148,36.7481]},"properties":{"source":"cwfis","country":"US","agency":"AZ","sensor":"VIIRS-I · NOAA-20","detected":"2026-10-10T09:56:00Z","intensity":4189,"area_ha":null,"level":1}},{"type":"Feature","geometry":{"type":"Point","coordinates":[-112.1633,36.7547]},"properties":{"source":"cwfis","country":"US","agency":"AZ","sensor":"VIIRS-I · NOAA-20","detected":"2026-10-10T09:56:00Z","intensity":7029,"area_ha":null,"level":1}},{"type":"Feature","geometry":{"type":"Point","coordinates":[-112.1734,36.7642]},"properties":{"source":"cwfis","country":"US","agency":"AZ","sensor":"VIIRS-I · NOAA-20","detected":"2026-10-10T09:56:00Z","intensity":1619,"area_ha":null,"level":0}},{"type":"Feature","geometry":{"type":"Point","coordinates":[-112.1715,36.7475]},"properties":{"source":"cwfis","country":"US","agency":"AZ","sensor":"VIIRS-I · NOAA-20","detected":"2026-10-10T09:56:00Z","intensity":2036,"area_ha":null,"level":1}},{"type":"Feature","geometry":{"type":"Point","coordinates":[-112.1879,36.7466]},"properties":{"source":"cwfis","country":"US","agency":"AZ","sensor":"VIIRS-I · NOAA-20","detected":"2026-10-10T09:56:00Z","intensity":1434,"area_ha":null,"level":0}},{"type":"Feature","geometry":{"type":"Point","coordinates":[-112.1649,36.7505]},"properties":{"source":"cwfis","country":"US","agency":"AZ","sensor":"VIIRS-I · NOAA-20","detected":"2026-10-10T09:56:00Z","intensity":6487,"area_ha":null,"level":1}},{"type":"Feature","geometry":{"type":"Point","coordinates":[-112.1684,36.763]},"properties":{"source":"cwfis","country":"US","agency":"AZ","sensor":"VIIRS-I · NOAA-20","detected":"2026-10-10T09:56:00Z","intensity":2056,"area_ha":null,"level":1}},{"type":"Feature","geometry":{"type":"Point","coordinates":[-112.1845,36.7413]},"properties":{"source":"cwfis","country":"US","agency":"AZ","sensor":"VIIRS-I · NOAA-20","detected":"2026-10-10T09:56:00Z","intensity":2948,"area_ha":null,"level":1}},{"type":"Feature","geometry":{"type":"Point","coordinates":[-112.1699,36.7516]},"properties":{"source":"cwfis","country":"US","agency":"AZ","sensor":"VIIRS-I · NOAA-20","detected":"2026-10-10T09:56:00Z","intensity":3037,"area_ha":null,"level":1}},{"type":"Feature","geometry":{"type":"Point","coordinates":[-111.9114,35.4391]},"properties":{"source":"cwfis","country":"US","agency":"AZ","sensor":"VIIRS-I · NOAA-20","detected":"2026-10-10T09:56:00Z","intensity":29107,"area_ha":null,"level":2}},{"type":"Feature","geometry":{"type":"Point","coordinates":[-112.1598,36.7494]},"properties":{"source":"cwfis","country":"US","agency":"AZ","sensor":"VIIRS-I · NOAA-20","detected":"2026-10-10T09:56:00Z","intensity":3594,"area_ha":null,"level":1}},{"type":"Feature","geometry":{"type":"Point","coordinates":[-112.1665,36.7463]},"properties":{"source":"cwfis","country":"US","agency":"AZ","sensor":"VIIRS-I · NOAA-20","detected":"2026-10-10T09:56:00Z","intensity":3688,"area_ha":null,"level":1}},{"type":"Feature","geometry":{"type":"Point","coordinates":[-112.1582,36.7535]},"properties":{"source":"cwfis","country":"US","agency":"AZ","sensor":"VIIRS-I · NOAA-20","detected":"2026-10-10T09:56:00Z","intensity":7302,"area_ha":null,"level":1}},{"type":"Feature","geometry":{"type":"Point","coordinates":[-111.6489,39.0673]},"properties":{"source":"cwfis","country":"US","agency":"UT","sensor":"VIIRS-I · NOAA-20","detected":"2026-10-10T09:56:00Z","intensity":32503,"area_ha":null,"level":2}},{"type":"Feature","geometry":{"type":"Point","coordinates":[-111.6532,39.0683]},"properties":{"source":"cwfis","country":"US","agency":"UT","sensor":"VIIRS-I · NOAA-20","detected":"2026-10-10T09:56:00Z","intensity":38811,"area_ha":null,"level":2}},{"type":"Feature","geometry":{"type":"Point","coordinates":[-111.1224,40.4518]},"properties":{"source":"cwfis","country":"US","agency":"UT","sensor":"VIIRS-I · NOAA-20","detected":"2026-10-10T09:56:00Z","intensity":2101,"area_ha":null,"level":1}},{"type":"Feature","geometry":{"type":"Point","coordinates":[-111.1329,40.4542]},"properties":{"source":"cwfis","country":"US","agency":"UT","sensor":"VIIRS-I · NOAA-20","detected":"2026-10-10T09:56:00Z","intensity":2006,"area_ha":null,"level":1}},{"type":"Feature","geometry":{"type":"Point","coordinates":[-111.1275,40.453]},"properties":{"source":"cwfis","country":"US","agency":"UT","sensor":"VIIRS-I · NOAA-20","detected":"2026-10-10T09:56:00Z","intensity":1978,"area_ha":null,"level":0}},{"type":"Feature","geometry":{"type":"Point","coordinates":[-111.1266,40.4572]},"properties":{"source":"cwfis","country":"US","agency":"UT","sensor":"VIIRS-I · NOAA-20","detected":"2026-10-10T09:56:00Z","intensity":1595,"area_ha":null,"level":0}},{"type":"Feature","geometry":{"type":"Point","coordinates":[-111.7645,39.3792]},"properties":{"source":"cwfis","country":"US","agency":"UT","sensor":"VIIRS-I · NOAA-20","detected":"2026-10-10T09:56:00Z","intensity":0,"area_ha":null,"level":0}},{"type":"Feature","geometry":{"type":"Point","coordinates":[-111.6191,39.0606]},"properties":{"source":"cwfis","country":"US","agency":"UT","sensor":"VIIRS-I · NOAA-20","detected":"2026-10-10T09:56:00Z","intensity":25210,"area_ha":null,"level":2}},{"type":"Feature","geometry":{"type":"Point","coordinates":[-111.7628,39.3832]},"properties":{"source":"cwfis","country":"US","agency":"UT","sensor":"VIIRS-I · NOAA-20","detected":"2026-10-10T09:56:00Z","intensity":0,"area_ha":null,"level":0}},{"type":"Feature","geometry":{"type":"Point","coordinates":[-111.7748,39.3903]},"properties":{"source":"cwfis","country":"US","agency":"UT","sensor":"VIIRS-I · NOAA-20","detected":"2026-10-10T09:56:00Z","intensity":0,"area_ha":null,"level":0}},{"type":"Feature","geometry":{"type":"Point","coordinates":[-111.7701,39.3892]},"properties":{"source":"cwfis","country":"US","agency":"UT","sensor":"VIIRS-I · NOAA-20","detected":"2026-10-10T09:56:00Z","intensity":0,"area_ha":null,"level":0}},{"type":"Feature","geometry":{"type":"Point","coordinates":[-111.6114,39.0678]},"properties":{"source":"cwfis","country":"US","agency":"UT","sensor":"VIIRS-I · NOAA-20","detected":"2026-10-10T09:56:00Z","intensity":34967,"area_ha":null,"level":2}},{"type":"Feature","geometry":{"type":"Point","coordinates":[-110.3842,40.1395]},"properties":{"source":"cwfis","country":"US","agency":"UT","sensor":"VIIRS-I · NOAA-20","detected":"2026-10-10T09:56:00Z","intensity":1650,"area_ha":null,"level":0}},{"type":"Feature","geometry":{"type":"Point","coordinates":[-110.3857,40.1491]},"properties":{"source":"cwfis","country":"US","agency":"UT","sensor":"VIIRS-I · NOAA-20","detected":"2026-10-10T09:56:00Z","intensity":2140,"area_ha":null,"level":1}},{"type":"Feature","geometry":{"type":"Point","coordinates":[-110.3885,40.1416]},"properties":{"source":"cwfis","country":"US","agency":"UT","sensor":"VIIRS-I · NOAA-20","detected":"2026-10-10T09:56:00Z","intensity":1907,"area_ha":null,"level":0}},{"type":"Feature","geometry":{"type":"Point","coordinates":[-121.8344,38.3143]},"properties":{"source":"cwfis","country":"US","agency":"CA","sensor":"VIIRS-I · NOAA-20","detected":"2026-10-10T09:56:00Z","intensity":4861,"area_ha":null,"level":1}},{"type":"Feature","geometry":{"type":"Point","coordinates":[-114.8752,36.3845]},"properties":{"source":"cwfis","country":"US","agency":"NV","sensor":"VIIRS-I · NOAA-20","detected":"2026-10-10T09:56:00Z","intensity":82,"area_ha":null,"level":0}},{"type":"Feature","geometry":{"type":"Point","coordinates":[-121.3972,39.0765]},"properties":{"source":"cwfis","country":"US","agency":"CA","sensor":"VIIRS-I · NOAA-20","detected":"2026-10-10T09:56:00Z","intensity":8168,"area_ha":null,"level":1}},{"type":"Feature","geometry":{"type":"Point","coordinates":[-120.8706,36.9727]},"properties":{"source":"cwfis","country":"US","agency":"CA","sensor":"VIIRS-I · NOAA-20","detected":"2026-10-10T09:56:00Z","intensity":238,"area_ha":null,"level":0}},{"type":"Feature","geometry":{"type":"Point","coordinates":[-112.183,36.7455]},"properties":{"source":"cwfis","country":"US","agency":"AZ","sensor":"VIIRS-I · NOAA-20","detected":"2026-10-10T09:56:00Z","intensity":5785,"area_ha":null,"level":1}},{"type":"Feature","geometry":{"type":"Point","coordinates":[-112.1681,36.7422]},"properties":{"source":"cwfis","country":"US","agency":"AZ","sensor":"VIIRS-I · NOAA-20","detected":"2026-10-10T09:56:00Z","intensity":5849,"area_ha":null,"level":1}},{"type":"Feature","geometry":{"type":"Point","coordinates":[-111.6548,39.0643]},"properties":{"source":"cwfis","country":"US","agency":"UT","sensor":"VIIRS-I · NOAA-20","detected":"2026-10-10T09:56:00Z","intensity":28830,"area_ha":null,"level":2}},{"type":"Feature","geometry":{"type":"Point","coordinates":[-111.6507,39.0633]},"properties":{"source":"cwfis","country":"US","agency":"UT","sensor":"VIIRS-I · NOAA-20","detected":"2026-10-10T09:56:00Z","intensity":35268,"area_ha":null,"level":2}},{"type":"Feature","geometry":{"type":"Point","coordinates":[-120.9309,38.0292]},"properties":{"source":"cwfis","country":"US","agency":"CA","sensor":"VIIRS-I · NOAA-20","detected":"2026-10-10T09:56:00Z","intensity":2811,"area_ha":null,"level":1}},{"type":"Feature","geometry":{"type":"Point","coordinates":[-110.5126,40.2078]},"properties":{"source":"cwfis","country":"US","agency":"UT","sensor":"VIIRS-I · NOAA-20","detected":"2026-10-10T09:56:00Z","intensity":2238,"area_ha":null,"level":1}},{"type":"Feature","geometry":{"type":"Point","coordinates":[-110.9084,41.5728]},"properties":{"source":"cwfis","country":"US","agency":"WY","sensor":"VIIRS-I · NOAA-20","detected":"2026-10-10T09:56:00Z","intensity":20292,"area_ha":null,"level":2}},{"type":"Feature","geometry":{"type":"Point","coordinates":[-108.1656,38.4761]},"properties":{"source":"cwfis","country":"US","agency":"CO","sensor":"VIIRS-I · NOAA-20","detected":"2026-10-10T09:56:00Z","intensity":1786,"area_ha":null,"level":0}},{"type":"Feature","geometry":{"type":"Point","coordinates":[-108.168,38.4713]},"properties":{"source":"cwfis","country":"US","agency":"CO","sensor":"VIIRS-I · NOAA-20","detected":"2026-10-10T09:56:00Z","intensity":1107,"area_ha":null,"level":0}},{"type":"Feature","geometry":{"type":"Point","coordinates":[-111.609,39.0628]},"properties":{"source":"cwfis","country":"US","agency":"UT","sensor":"VIIRS-I · NOAA-20","detected":"2026-10-10T09:56:00Z","intensity":31946,"area_ha":null,"level":2}},{"type":"Feature","geometry":{"type":"Point","coordinates":[-111.6045,39.0618]},"properties":{"source":"cwfis","country":"US","agency":"UT","sensor":"VIIRS-I · NOAA-20","detected":"2026-10-10T09:56:00Z","intensity":9889,"area_ha":null,"level":1}},{"type":"Feature","geometry":{"type":"Point","coordinates":[-111.6105,39.0587]},"properties":{"source":"cwfis","country":"US","agency":"UT","sensor":"VIIRS-I · NOAA-20","detected":"2026-10-10T09:56:00Z","intensity":10911,"area_ha":null,"level":2}},{"type":"Feature","geometry":{"type":"Point","coordinates":[-120.0155,38.798]},"properties":{"source":"cwfis","country":"US","agency":"CA","sensor":"VIIRS-I · NOAA-20","detected":"2026-10-10T09:56:00Z","intensity":25115,"area_ha":null,"level":2}},{"type":"Feature","geometry":{"type":"Point","coordinates":[-111.6461,39.0623]},"properties":{"source":"cwfis","country":"US","agency":"UT","sensor":"VIIRS-I · NOAA-20","detected":"2026-10-10T09:56:00Z","intensity":27281,"area_ha":null,"level":2}},{"type":"Feature","geometry":{"type":"Point","coordinates":[-111.6564,39.0602]},"properties":{"source":"cwfis","country":"US","agency":"UT","sensor":"VIIRS-I · NOAA-20","detected":"2026-10-10T09:56:00Z","intensity":32421,"area_ha":null,"level":2}},{"type":"Feature","geometry":{"type":"Point","coordinates":[-111.6579,39.0561]},"properties":{"source":"cwfis","country":"US","agency":"UT","sensor":"VIIRS-I · NOAA-20","detected":"2026-10-10T09:56:00Z","intensity":34133,"area_ha":null,"level":2}},{"type":"Feature","geometry":{"type":"Point","coordinates":[-111.6539,39.0552]},"properties":{"source":"cwfis","country":"US","agency":"UT","sensor":"VIIRS-I · NOAA-20","detected":"2026-10-10T09:56:00Z","intensity":25381,"area_ha":null,"level":2}},{"type":"Feature","geometry":{"type":"Point","coordinates":[-111.1394,40.4513]},"properties":{"source":"cwfis","country":"US","agency":"UT","sensor":"VIIRS-I · NOAA-20","detected":"2026-10-10T09:56:00Z","intensity":5559,"area_ha":null,"level":1}},{"type":"Feature","geometry":{"type":"Point","coordinates":[-111.1383,40.4555]},"properties":{"source":"cwfis","country":"US","agency":"UT","sensor":"VIIRS-I · NOAA-20","detected":"2026-10-10T09:56:00Z","intensity":6818,"area_ha":null,"level":1}},{"type":"Feature","geometry":{"type":"Point","coordinates":[-119.5866,37.6071]},"properties":{"source":"cwfis","country":"US","agency":"CA","sensor":"VIIRS-I · NOAA-20","detected":"2026-10-10T09:56:00Z","intensity":0,"area_ha":null,"level":0}},{"type":"Feature","geometry":{"type":"Point","coordinates":[-111.6174,39.0647]},"properties":{"source":"cwfis","country":"US","agency":"UT","sensor":"VIIRS-I · NOAA-20","detected":"2026-10-10T09:56:00Z","intensity":27170,"area_ha":null,"level":2}},{"type":"Feature","geometry":{"type":"Point","coordinates":[-111.6132,39.0638]},"properties":{"source":"cwfis","country":"US","agency":"UT","sensor":"VIIRS-I · NOAA-20","detected":"2026-10-10T09:56:00Z","intensity":9207,"area_ha":null,"level":1}},{"type":"Feature","geometry":{"type":"Point","coordinates":[-111.6072,39.0668]},"properties":{"source":"cwfis","country":"US","agency":"UT","sensor":"VIIRS-I · NOAA-20","detected":"2026-10-10T09:56:00Z","intensity":10860,"area_ha":null,"level":2}},{"type":"Feature","geometry":{"type":"Point","coordinates":[-112.2081,36.7511]},"properties":{"source":"cwfis","country":"US","agency":"AZ","sensor":"VIIRS-I · NOAA-20","detected":"2026-10-10T09:56:00Z","intensity":5399,"area_ha":null,"level":1}},{"type":"Feature","geometry":{"type":"Point","coordinates":[-112.1614,36.7452]},"properties":{"source":"cwfis","country":"US","agency":"AZ","sensor":"VIIRS-I · NOAA-20","detected":"2026-10-10T09:56:00Z","intensity":3834,"area_ha":null,"level":1}},{"type":"Feature","geometry":{"type":"Point","coordinates":[-112.1769,36.7622]},"properties":{"source":"cwfis","country":"US","agency":"AZ","sensor":"VIIRS-I · NOAA-20","detected":"2026-10-10T09:56:00Z","intensity":1423,"area_ha":null,"level":0}},{"type":"Feature","geometry":{"type":"Point","coordinates":[-112.1668,36.76]},"properties":{"source":"cwfis","country":"US","agency":"AZ","sensor":"VIIRS-I · NOAA-20","detected":"2026-10-10T09:56:00Z","intensity":1962,"area_ha":null,"level":0}},{"type":"Feature","geometry":{"type":"Point","coordinates":[-112.1684,36.7558]},"properties":{"source":"cwfis","country":"US","agency":"AZ","sensor":"VIIRS-I · NOAA-20","detected":"2026-10-10T09:56:00Z","intensity":1631,"area_ha":null,"level":0}},{"type":"Feature","geometry":{"type":"Point","coordinates":[-112.1633,36.7618]},"properties":{"source":"cwfis","country":"US","agency":"AZ","sensor":"VIIRS-I · NOAA-20","detected":"2026-10-10T09:56:00Z","intensity":6730,"area_ha":null,"level":1}},{"type":"Feature","geometry":{"type":"Point","coordinates":[-112.1617,36.7588]},"properties":{"source":"cwfis","country":"US","agency":"AZ","sensor":"VIIRS-I · NOAA-20","detected":"2026-10-10T09:56:00Z","intensity":6717,"area_ha":null,"level":1}},{"type":"Feature","geometry":{"type":"Point","coordinates":[-119.6813,36.1823]},"properties":{"source":"cwfis","country":"US","agency":"CA","sensor":"VIIRS-I · NOAA-20","detected":"2026-10-10T09:58:00Z","intensity":6593,"area_ha":null,"level":1}},{"type":"Feature","geometry":{"type":"Point","coordinates":[-121.5219,61.5867]},"properties":{"source":"cwfis","country":"CA","agency":"NT","sensor":"VIIRS-I · NOAA-21","detected":"2026-10-10T10:34:00Z","intensity":2100,"area_ha":null,"level":1}},{"type":"Feature","geometry":{"type":"Point","coordinates":[-121.5118,61.5572]},"properties":{"source":"cwfis","country":"CA","agency":"NT","sensor":"VIIRS-I · NOAA-21","detected":"2026-10-10T10:34:00Z","intensity":381,"area_ha":null,"level":0}},{"type":"Feature","geometry":{"type":"Point","coordinates":[-127.2516,54.6523]},"properties":{"source":"cwfis","country":"CA","agency":"BC","sensor":"VIIRS-I · NOAA-21","detected":"2026-10-10T10:36:00Z","intensity":0,"area_ha":null,"level":0}},{"type":"Feature","geometry":{"type":"Point","coordinates":[-127.2576,54.6532]},"properties":{"source":"cwfis","country":"CA","agency":"BC","sensor":"VIIRS-I · NOAA-21","detected":"2026-10-10T10:36:00Z","intensity":0,"area_ha":null,"level":0}},{"type":"Feature","geometry":{"type":"Point","coordinates":[-124.5587,54.0294]},"properties":{"source":"cwfis","country":"CA","agency":"BC","sensor":"VIIRS-I · NOAA-21","detected":"2026-10-10T10:36:00Z","intensity":10,"area_ha":null,"level":0}},{"type":"Feature","geometry":{"type":"Point","coordinates":[-121.1346,56.908]},"properties":{"source":"cwfis","country":"CA","agency":"BC","sensor":"VIIRS-I · NOAA-21","detected":"2026-10-10T10:36:00Z","intensity":38,"area_ha":null,"level":0}},{"type":"Feature","geometry":{"type":"Point","coordinates":[-121.1283,56.9068]},"properties":{"source":"cwfis","country":"CA","agency":"BC","sensor":"VIIRS-I · NOAA-21","detected":"2026-10-10T10:36:00Z","intensity":38,"area_ha":null,"level":0}},{"type":"Feature","geometry":{"type":"Point","coordinates":[-126.898,54.6975]},"properties":{"source":"cwfis","country":"CA","agency":"BC","sensor":"VIIRS-I · NOAA-21","detected":"2026-10-10T10:36:00Z","intensity":0,"area_ha":null,"level":0}},{"type":"Feature","geometry":{"type":"Point","coordinates":[-127.2485,54.645]},"properties":{"source":"cwfis","country":"CA","agency":"BC","sensor":"VIIRS-I · NOAA-21","detected":"2026-10-10T10:36:00Z","intensity":0,"area_ha":null,"level":0}},{"type":"Feature","geometry":{"type":"Point","coordinates":[-127.2562,54.6564]},"properties":{"source":"cwfis","country":"CA","agency":"BC","sensor":"VIIRS-I · NOAA-21","detected":"2026-10-10T10:36:00Z","intensity":0,"area_ha":null,"level":0}},{"type":"Feature","geometry":{"type":"Point","coordinates":[-129.9448,56.3918]},"properties":{"source":"cwfis","country":"CA","agency":"BC","sensor":"VIIRS-I · NOAA-21","detected":"2026-10-10T10:36:00Z","intensity":0,"area_ha":null,"level":0}},{"type":"Feature","geometry":{"type":"Point","coordinates":[-124.5645,54.0304]},"properties":{"source":"cwfis","country":"CA","agency":"BC","sensor":"VIIRS-I · NOAA-21","detected":"2026-10-10T10:36:00Z","intensity":10,"area_ha":null,"level":0}},{"type":"Feature","geometry":{"type":"Point","coordinates":[-127.2635,54.654]},"properties":{"source":"cwfis","country":"CA","agency":"BC","sensor":"VIIRS-I · NOAA-21","detected":"2026-10-10T10:36:00Z","intensity":0,"area_ha":null,"level":0}},{"type":"Feature","geometry":{"type":"Point","coordinates":[-125.3513,53.9141]},"properties":{"source":"cwfis","country":"CA","agency":"BC","sensor":"VIIRS-I · NOAA-21","detected":"2026-10-10T10:36:00Z","intensity":0,"area_ha":null,"level":0}},{"type":"Feature","geometry":{"type":"Point","coordinates":[-127.2618,54.6434]},"properties":{"source":"cwfis","country":"CA","agency":"BC","sensor":"VIIRS-I · NOAA-21","detected":"2026-10-10T10:36:00Z","intensity":0,"area_ha":null,"level":0}},{"type":"Feature","geometry":{"type":"Point","coordinates":[-127.2736,54.6451]},"properties":{"source":"cwfis","country":"CA","agency":"BC","sensor":"VIIRS-I · NOAA-21","detected":"2026-10-10T10:36:00Z","intensity":0,"area_ha":null,"level":0}},{"type":"Feature","geometry":{"type":"Point","coordinates":[-127.2677,54.6442]},"properties":{"source":"cwfis","country":"CA","agency":"BC","sensor":"VIIRS-I · NOAA-21","detected":"2026-10-10T10:36:00Z","intensity":0,"area_ha":null,"level":0}},{"type":"Feature","geometry":{"type":"Point","coordinates":[-127.2544,54.6458]},"properties":{"source":"cwfis","country":"CA","agency":"BC","sensor":"VIIRS-I · NOAA-21","detected":"2026-10-10T10:36:00Z","intensity":0,"area_ha":null,"level":0}},{"type":"Feature","geometry":{"type":"Point","coordinates":[-127.2603,54.6466]},"properties":{"source":"cwfis","country":"CA","agency":"BC","sensor":"VIIRS-I · NOAA-21","detected":"2026-10-10T10:36:00Z","intensity":0,"area_ha":null,"level":0}},{"type":"Feature","geometry":{"type":"Point","coordinates":[-127.253,54.6491]},"properties":{"source":"cwfis","country":"CA","agency":"BC","sensor":"VIIRS-I · NOAA-21","detected":"2026-10-10T10:36:00Z","intensity":0,"area_ha":null,"level":0}},{"type":"Feature","geometry":{"type":"Point","coordinates":[-127.2589,54.6499]},"properties":{"source":"cwfis","country":"CA","agency":"BC","sensor":"VIIRS-I · NOAA-21","detected":"2026-10-10T10:36:00Z","intensity":0,"area_ha":null,"level":0}},{"type":"Feature","geometry":{"type":"Point","coordinates":[-120.8598,48.3528]},"properties":{"source":"cwfis","country":"US","agency":"WA","sensor":"VIIRS-I · NOAA-21","detected":"2026-10-10T10:38:00Z","intensity":9459,"area_ha":null,"level":1}},{"type":"Feature","geometry":{"type":"Point","coordinates":[-120.8619,48.3618]},"properties":{"source":"cwfis","country":"US","agency":"WA","sensor":"VIIRS-I · NOAA-21","detected":"2026-10-10T10:38:00Z","intensity":8056,"area_ha":null,"level":1}},{"type":"Feature","geometry":{"type":"Point","coordinates":[-118.4799,45.7443]},"properties":{"source":"cwfis","country":"US","agency":"OR","sensor":"VIIRS-I · NOAA-21","detected":"2026-10-10T10:38:00Z","intensity":1025,"area_ha":null,"level":0}},{"type":"Feature","geometry":{"type":"Point","coordinates":[-118.4776,45.7488]},"properties":{"source":"cwfis","country":"US","agency":"OR","sensor":"VIIRS-I · NOAA-21","detected":"2026-10-10T10:38:00Z","intensity":968,"area_ha":null,"level":0}},{"type":"Feature","geometry":{"type":"Point","coordinates":[-120.7923,48.3629]},"properties":{"source":"cwfis","country":"US","agency":"WA","sensor":"VIIRS-I · NOAA-21","detected":"2026-10-10T10:38:00Z","intensity":9052,"area_ha":null,"level":1}},{"type":"Feature","geometry":{"type":"Point","coordinates":[-120.802,48.3694]},"properties":{"source":"cwfis","country":"US","agency":"WA","sensor":"VIIRS-I · NOAA-21","detected":"2026-10-10T10:38:00Z","intensity":8122,"area_ha":null,"level":1}},{"type":"Feature","geometry":{"type":"Point","coordinates":[-120.8405,48.0684]},"properties":{"source":"cwfis","country":"US","agency":"WA","sensor":"VIIRS-I · NOAA-21","detected":"2026-10-10T10:38:00Z","intensity":0,"area_ha":null,"level":0}},{"type":"Feature","geometry":{"type":"Point","coordinates":[-122.9781,44.792]},"properties":{"source":"cwfis","country":"US","agency":"OR","sensor":"VIIRS-I · NOAA-21","detected":"2026-10-10T10:38:00Z","intensity":0,"area_ha":null,"level":0}},{"type":"Feature","geometry":{"type":"Point","coordinates":[-120.015,38.7966]},"properties":{"source":"cwfis","country":"US","agency":"CA","sensor":"VIIRS-I · NOAA-21","detected":"2026-10-10T10:41:00Z","intensity":34803,"area_ha":null,"level":2}},{"type":"Feature","geometry":{"type":"Point","coordinates":[-120.019,38.7976]},"properties":{"source":"cwfis","country":"US","agency":"CA","sensor":"VIIRS-I · NOAA-21","detected":"2026-10-10T10:41:00Z","intensity":24131,"area_ha":null,"level":2}},{"type":"Feature","geometry":{"type":"Point","coordinates":[-127.2607,54.6515]},"properties":{"source":"cwfis","country":"CA","agency":"BC","sensor":"VIIRS-I · NOAA-20","detected":"2026-10-10T11:32:00Z","intensity":0,"area_ha":null,"level":0}},{"type":"Feature","geometry":{"type":"Point","coordinates":[-127.2576,54.6555]},"properties":{"source":"cwfis","country":"CA","agency":"BC","sensor":"VIIRS-I · NOAA-20","detected":"2026-10-10T11:32:00Z","intensity":0,"area_ha":null,"level":0}},{"type":"Feature","geometry":{"type":"Point","coordinates":[-127.2635,54.6442]},"properties":{"source":"cwfis","country":"CA","agency":"BC","sensor":"VIIRS-I · NOAA-20","detected":"2026-10-10T11:32:00Z","intensity":0,"area_ha":null,"level":0}},{"type":"Feature","geometry":{"type":"Point","coordinates":[-127.2702,54.646]},"properties":{"source":"cwfis","country":"CA","agency":"BC","sensor":"VIIRS-I · NOAA-20","detected":"2026-10-10T11:32:00Z","intensity":0,"area_ha":null,"level":0}},{"type":"Feature","geometry":{"type":"Point","coordinates":[-127.2472,54.6448]},"properties":{"source":"cwfis","country":"CA","agency":"BC","sensor":"VIIRS-I · NOAA-20","detected":"2026-10-10T11:32:00Z","intensity":0,"area_ha":null,"level":0}},{"type":"Feature","geometry":{"type":"Point","coordinates":[-127.2542,54.6466]},"properties":{"source":"cwfis","country":"CA","agency":"BC","sensor":"VIIRS-I · NOAA-20","detected":"2026-10-10T11:32:00Z","intensity":0,"area_ha":null,"level":0}},{"type":"Feature","geometry":{"type":"Point","coordinates":[-127.2608,54.6483]},"properties":{"source":"cwfis","country":"CA","agency":"BC","sensor":"VIIRS-I · NOAA-20","detected":"2026-10-10T11:32:00Z","intensity":0,"area_ha":null,"level":0}},{"type":"Feature","geometry":{"type":"Point","coordinates":[-124.559,54.0311]},"properties":{"source":"cwfis","country":"CA","agency":"BC","sensor":"VIIRS-I · NOAA-20","detected":"2026-10-10T11:32:00Z","intensity":10,"area_ha":null,"level":0}},{"type":"Feature","geometry":{"type":"Point","coordinates":[-127.2474,54.648]},"properties":{"source":"cwfis","country":"CA","agency":"BC","sensor":"VIIRS-I · NOAA-20","detected":"2026-10-10T11:32:00Z","intensity":0,"area_ha":null,"level":0}},{"type":"Feature","geometry":{"type":"Point","coordinates":[-127.2541,54.6498]},"properties":{"source":"cwfis","country":"CA","agency":"BC","sensor":"VIIRS-I · NOAA-20","detected":"2026-10-10T11:32:00Z","intensity":0,"area_ha":null,"level":0}},{"type":"Feature","geometry":{"type":"Point","coordinates":[-140.4631,61.9859]},"properties":{"source":"cwfis","country":"CA","agency":"YT","sensor":"VIIRS-I · NOAA-20","detected":"2026-10-10T11:32:00Z","intensity":127,"area_ha":null,"level":0}},{"type":"Feature","geometry":{"type":"Point","coordinates":[-129.9472,56.3964]},"properties":{"source":"cwfis","country":"CA","agency":"BC","sensor":"VIIRS-I · NOAA-20","detected":"2026-10-10T11:32:00Z","intensity":0,"area_ha":null,"level":0}},{"type":"Feature","geometry":{"type":"Point","coordinates":[-126.8967,54.6971]},"properties":{"source":"cwfis","country":"CA","agency":"BC","sensor":"VIIRS-I · NOAA-20","detected":"2026-10-10T11:32:00Z","intensity":0,"area_ha":null,"level":0}},{"type":"Feature","geometry":{"type":"Point","coordinates":[-140.4606,61.9857]},"properties":{"source":"cwfis","country":"CA","agency":"YT","sensor":"VIIRS-I · NOAA-21","detected":"2026-10-10T12:17:00Z","intensity":127,"area_ha":null,"level":0}},{"type":"Feature","geometry":{"type":"Point","coordinates":[-158.3575,59.3659]},"properties":{"source":"cwfis","country":"US","agency":"AK","sensor":"VIIRS-I · NOAA-21","detected":"2026-10-10T12:17:00Z","intensity":0,"area_ha":null,"level":0}},{"type":"Feature","geometry":{"type":"Point","coordinates":[-129.9523,56.3919]},"properties":{"source":"cwfis","country":"CA","agency":"BC","sensor":"VIIRS-I · NOAA-21","detected":"2026-10-10T12:17:00Z","intensity":0,"area_ha":null,"level":0}},{"type":"Feature","geometry":{"type":"Point","coordinates":[-127.2544,54.6438]},"properties":{"source":"cwfis","country":"CA","agency":"BC","sensor":"VIIRS-I · NOAA-21","detected":"2026-10-10T12:17:00Z","intensity":0,"area_ha":null,"level":0}},{"type":"Feature","geometry":{"type":"Point","coordinates":[-127.2572,54.653]},"properties":{"source":"cwfis","country":"CA","agency":"BC","sensor":"VIIRS-I · NOAA-21","detected":"2026-10-10T12:17:00Z","intensity":0,"area_ha":null,"level":0}},{"type":"Feature","geometry":{"type":"Point","coordinates":[-127.2599,54.646]},"properties":{"source":"cwfis","country":"CA","agency":"BC","sensor":"VIIRS-I · NOAA-21","detected":"2026-10-10T12:17:00Z","intensity":0,"area_ha":null,"level":0}},{"type":"Feature","geometry":{"type":"Point","coordinates":[-127.2742,54.6437]},"properties":{"source":"cwfis","country":"CA","agency":"BC","sensor":"VIIRS-I · NOAA-21","detected":"2026-10-10T12:17:00Z","intensity":0,"area_ha":null,"level":0}},{"type":"Feature","geometry":{"type":"Point","coordinates":[-127.2686,54.6415]},"properties":{"source":"cwfis","country":"CA","agency":"BC","sensor":"VIIRS-I · NOAA-21","detected":"2026-10-10T12:17:00Z","intensity":0,"area_ha":null,"level":0}},{"type":"Feature","geometry":{"type":"Point","coordinates":[-128.6278,53.3854]},"properties":{"source":"cwfis","country":"CA","agency":"BC","sensor":"VIIRS-I · NOAA-21","detected":"2026-10-10T12:17:00Z","intensity":0,"area_ha":null,"level":0}},{"type":"Feature","geometry":{"type":"Point","coordinates":[-110.3601,43.6445]},"properties":{"source":"cwfis","country":"US","agency":"WY","sensor":"MODIS · Aqua","detected":"2026-10-10T12:17:00Z","intensity":0,"area_ha":null,"level":0}},{"type":"Feature","geometry":{"type":"Point","coordinates":[-120.0098,38.7972]},"properties":{"source":"cwfis","country":"US","agency":"CA","sensor":"MODIS · Aqua","detected":"2026-10-10T12:19:00Z","intensity":7747,"area_ha":null,"level":1}},{"type":"Feature","geometry":{"type":"Point","coordinates":[-67.6238,46.1578]},"properties":{"source":"cwfis","country":"CA","agency":"NB","sensor":"SLSTR · S3A","detected":"2026-10-10T14:33:50Z","intensity":176,"area_ha":null,"level":0}},{"type":"Feature","geometry":{"type":"Point","coordinates":[-67.6314,46.173]},"properties":{"source":"cwfis","country":"CA","agency":"NB","sensor":"SLSTR · S3A","detected":"2026-10-10T14:33:50Z","intensity":163,"area_ha":null,"level":0}},{"type":"Feature","geometry":{"type":"Point","coordinates":[-93.3021,37.4294]},"properties":{"source":"cwfis","country":"US","agency":"MO","sensor":"MODIS · Terra","detected":"2026-10-10T15:03:00Z","intensity":787,"area_ha":null,"level":0}},{"type":"Feature","geometry":{"type":"Point","coordinates":[-97.7498,33.3804]},"properties":{"source":"cwfis","country":"US","agency":"TX","sensor":"MODIS · Terra","detected":"2026-10-10T15:05:00Z","intensity":6742,"area_ha":null,"level":1}},{"type":"Feature","geometry":{"type":"Point","coordinates":[-95.7099,34.4455]},"properties":{"source":"cwfis","country":"US","agency":"OK","sensor":"MODIS · Terra","detected":"2026-10-10T15:05:00Z","intensity":9269,"area_ha":null,"level":1}},{"type":"Feature","geometry":{"type":"Point","coordinates":[-95.6233,32.776]},"properties":{"source":"cwfis","country":"US","agency":"TX","sensor":"MODIS · Terra","detected":"2026-10-10T15:05:00Z","intensity":8805,"area_ha":null,"level":1}},{"type":"Feature","geometry":{"type":"Point","coordinates":[-97.7618,33.3809]},"properties":{"source":"cwfis","country":"US","agency":"TX","sensor":"MODIS · Terra","detected":"2026-10-10T15:05:00Z","intensity":0,"area_ha":null,"level":0}},{"type":"Feature","geometry":{"type":"Point","coordinates":[-95.6248,32.7662]},"properties":{"source":"cwfis","country":"US","agency":"TX","sensor":"MODIS · Terra","detected":"2026-10-10T15:05:00Z","intensity":304,"area_ha":null,"level":0}},{"type":"Feature","geometry":{"type":"Point","coordinates":[-95.6636,32.8224]},"properties":{"source":"cwfis","country":"US","agency":"TX","sensor":"MODIS · Terra","detected":"2026-10-10T15:05:00Z","intensity":360,"area_ha":null,"level":0}},{"type":"Feature","geometry":{"type":"Point","coordinates":[-95.6768,32.8239]},"properties":{"source":"cwfis","country":"US","agency":"TX","sensor":"MODIS · Terra","detected":"2026-10-10T15:05:00Z","intensity":291,"area_ha":null,"level":0}},{"type":"Feature","geometry":{"type":"Point","coordinates":[-97.4523,34.1148]},"properties":{"source":"cwfis","country":"US","agency":"OK","sensor":"MODIS · Terra","detected":"2026-10-10T15:05:00Z","intensity":0,"area_ha":null,"level":0}},{"type":"Feature","geometry":{"type":"Point","coordinates":[-95.6904,33.375]},"properties":{"source":"cwfis","country":"US","agency":"TX","sensor":"MODIS · Terra","detected":"2026-10-10T15:05:00Z","intensity":0,"area_ha":null,"level":0}},{"type":"Feature","geometry":{"type":"Point","coordinates":[-95.7243,34.4471]},"properties":{"source":"cwfis","country":"US","agency":"OK","sensor":"MODIS · Terra","detected":"2026-10-10T15:05:00Z","intensity":2133,"area_ha":null,"level":1}},{"type":"Feature","geometry":{"type":"Point","coordinates":[-91.7382,29.9539]},"properties":{"source":"cwfis","country":"US","agency":"LA","sensor":"MODIS · Terra","detected":"2026-10-10T15:07:00Z","intensity":107,"area_ha":null,"level":0}},{"type":"Feature","geometry":{"type":"Point","coordinates":[-91.7708,30.024]},"properties":{"source":"cwfis","country":"US","agency":"LA","sensor":"MODIS · Terra","detected":"2026-10-10T15:07:00Z","intensity":101,"area_ha":null,"level":0}},{"type":"Feature","geometry":{"type":"Point","coordinates":[-90.8667,30.0424]},"properties":{"source":"cwfis","country":"US","agency":"LA","sensor":"MODIS · Terra","detected":"2026-10-10T15:07:00Z","intensity":53,"area_ha":null,"level":0}},{"type":"Feature","geometry":{"type":"Point","coordinates":[-98.0507,27.7274]},"properties":{"source":"cwfis","country":"US","agency":"TX","sensor":"MODIS · Terra","detected":"2026-10-10T15:07:00Z","intensity":1227,"area_ha":null,"level":0}},{"type":"Feature","geometry":{"type":"Point","coordinates":[-92.2729,31.0051]},"properties":{"source":"cwfis","country":"US","agency":"LA","sensor":"MODIS · Terra","detected":"2026-10-10T15:07:00Z","intensity":74,"area_ha":null,"level":0}},{"type":"Feature","geometry":{"type":"Point","coordinates":[-92.2831,31.0066]},"properties":{"source":"cwfis","country":"US","agency":"LA","sensor":"MODIS · Terra","detected":"2026-10-10T15:07:00Z","intensity":59,"area_ha":null,"level":0}},{"type":"Feature","geometry":{"type":"Point","coordinates":[-94.7722,31.5973]},"properties":{"source":"cwfis","country":"US","agency":"TX","sensor":"MODIS · Terra","detected":"2026-10-10T15:07:00Z","intensity":5259,"area_ha":null,"level":1}},{"type":"Feature","geometry":{"type":"Point","coordinates":[-93.0601,30.2587]},"properties":{"source":"cwfis","country":"US","agency":"LA","sensor":"MODIS · Terra","detected":"2026-10-10T15:07:00Z","intensity":0,"area_ha":null,"level":0}},{"type":"Feature","geometry":{"type":"Point","coordinates":[-91.7811,30.0256]},"properties":{"source":"cwfis","country":"US","agency":"LA","sensor":"MODIS · Terra","detected":"2026-10-10T15:07:00Z","intensity":112,"area_ha":null,"level":0}},{"type":"Feature","geometry":{"type":"Point","coordinates":[-95.3044,32.1587]},"properties":{"source":"cwfis","country":"US","agency":"TX","sensor":"MODIS · Terra","detected":"2026-10-10T15:07:00Z","intensity":297,"area_ha":null,"level":0}},{"type":"Feature","geometry":{"type":"Point","coordinates":[-98.0521,27.7167]},"properties":{"source":"cwfis","country":"US","agency":"TX","sensor":"MODIS · Terra","detected":"2026-10-10T15:07:00Z","intensity":0,"area_ha":null,"level":0}},{"type":"Feature","geometry":{"type":"Point","coordinates":[-94.9238,29.9521]},"properties":{"source":"cwfis","country":"US","agency":"TX","sensor":"MODIS · Terra","detected":"2026-10-10T15:07:00Z","intensity":0,"area_ha":null,"level":0}},{"type":"Feature","geometry":{"type":"Point","coordinates":[-94.4579,29.8931]},"properties":{"source":"cwfis","country":"US","agency":"TX","sensor":"MODIS · Terra","detected":"2026-10-10T15:07:00Z","intensity":0,"area_ha":null,"level":0}},{"type":"Feature","geometry":{"type":"Point","coordinates":[-96.0753,31.5245]},"properties":{"source":"cwfis","country":"US","agency":"TX","sensor":"MODIS · Terra","detected":"2026-10-10T15:07:00Z","intensity":347,"area_ha":null,"level":0}},{"type":"Feature","geometry":{"type":"Point","coordinates":[-95.3182,29.8548]},"properties":{"source":"cwfis","country":"US","agency":"TX","sensor":"MODIS · Terra","detected":"2026-10-10T15:07:00Z","intensity":339,"area_ha":null,"level":0}},{"type":"Feature","geometry":{"type":"Point","coordinates":[-95.565,32.2514]},"properties":{"source":"cwfis","country":"US","agency":"TX","sensor":"MODIS · Terra","detected":"2026-10-10T15:07:00Z","intensity":773,"area_ha":null,"level":0}},{"type":"Feature","geometry":{"type":"Point","coordinates":[-91.9111,30.2663]},"properties":{"source":"cwfis","country":"US","agency":"LA","sensor":"MODIS · Terra","detected":"2026-10-10T15:07:00Z","intensity":30,"area_ha":null,"level":0}},{"type":"Feature","geometry":{"type":"Point","coordinates":[-95.9666,32.5611]},"properties":{"source":"cwfis","country":"US","agency":"TX","sensor":"MODIS · Terra","detected":"2026-10-10T15:07:00Z","intensity":372,"area_ha":null,"level":0}},{"type":"Feature","geometry":{"type":"Point","coordinates":[-92.2649,29.5514]},"properties":{"source":"cwfis","country":"US","agency":"LA","sensor":"MODIS · Terra","detected":"2026-10-10T15:07:00Z","intensity":0,"area_ha":null,"level":0}},{"type":"Feature","geometry":{"type":"Point","coordinates":[-92.2749,29.5529]},"properties":{"source":"cwfis","country":"US","agency":"LA","sensor":"MODIS · Terra","detected":"2026-10-10T15:07:00Z","intensity":0,"area_ha":null,"level":0}},{"type":"Feature","geometry":{"type":"Point","coordinates":[-92.1114,29.8988]},"properties":{"source":"cwfis","country":"US","agency":"LA","sensor":"MODIS · Terra","detected":"2026-10-10T15:07:00Z","intensity":0,"area_ha":null,"level":0}},{"type":"Feature","geometry":{"type":"Point","coordinates":[-92.1316,30.6982]},"properties":{"source":"cwfis","country":"US","agency":"LA","sensor":"MODIS · Terra","detected":"2026-10-10T15:07:00Z","intensity":0,"area_ha":null,"level":0}},{"type":"Feature","geometry":{"type":"Point","coordinates":[-98.3227,31.2941]},"properties":{"source":"cwfis","country":"US","agency":"TX","sensor":"MODIS · Terra","detected":"2026-10-10T15:07:00Z","intensity":0,"area_ha":null,"level":0}},{"type":"Feature","geometry":{"type":"Point","coordinates":[-98.6367,31.4268]},"properties":{"source":"cwfis","country":"US","agency":"TX","sensor":"MODIS · Terra","detected":"2026-10-10T15:07:00Z","intensity":0,"area_ha":null,"level":0}},{"type":"Feature","geometry":{"type":"Point","coordinates":[-92.2187,30.9408]},"properties":{"source":"cwfis","country":"US","agency":"LA","sensor":"MODIS · Terra","detected":"2026-10-10T15:07:00Z","intensity":71,"area_ha":null,"level":0}},{"type":"Feature","geometry":{"type":"Point","coordinates":[-92.2746,30.9963]},"properties":{"source":"cwfis","country":"US","agency":"LA","sensor":"MODIS · Terra","detected":"2026-10-10T15:07:00Z","intensity":66,"area_ha":null,"level":0}},{"type":"Feature","geometry":{"type":"Point","coordinates":[-92.2847,30.9978]},"properties":{"source":"cwfis","country":"US","agency":"LA","sensor":"MODIS · Terra","detected":"2026-10-10T15:07:00Z","intensity":365,"area_ha":null,"level":0}},{"type":"Feature","geometry":{"type":"Point","coordinates":[-95.1948,30.2546]},"properties":{"source":"cwfis","country":"US","agency":"TX","sensor":"MODIS · Terra","detected":"2026-10-10T15:07:00Z","intensity":4382,"area_ha":null,"level":1}},{"type":"Feature","geometry":{"type":"Point","coordinates":[-95.3126,30.1393]},"properties":{"source":"cwfis","country":"US","agency":"TX","sensor":"MODIS · Terra","detected":"2026-10-10T15:07:00Z","intensity":1221,"area_ha":null,"level":0}},{"type":"Feature","geometry":{"type":"Point","coordinates":[-96.0885,31.526]},"properties":{"source":"cwfis","country":"US","agency":"TX","sensor":"MODIS · Terra","detected":"2026-10-10T15:07:00Z","intensity":250,"area_ha":null,"level":0}},{"type":"Feature","geometry":{"type":"Point","coordinates":[-95.8603,31.5915]},"properties":{"source":"cwfis","country":"US","agency":"TX","sensor":"MODIS · Terra","detected":"2026-10-10T15:07:00Z","intensity":397,"area_ha":null,"level":0}},{"type":"Feature","geometry":{"type":"Point","coordinates":[-93.2582,31.3822]},"properties":{"source":"cwfis","country":"US","agency":"LA","sensor":"MODIS · Terra","detected":"2026-10-10T15:07:00Z","intensity":524,"area_ha":null,"level":0}},{"type":"Feature","geometry":{"type":"Point","coordinates":[-94.7836,31.5987]},"properties":{"source":"cwfis","country":"US","agency":"TX","sensor":"MODIS · Terra","detected":"2026-10-10T15:07:00Z","intensity":4256,"area_ha":null,"level":1}},{"type":"Feature","geometry":{"type":"Point","coordinates":[-67.6211,46.1579]},"properties":{"source":"cwfis","country":"CA","agency":"NB","sensor":"VIIRS-I · NOAA-20","detected":"2026-10-10T16:16:00Z","intensity":176,"area_ha":null,"level":0}},{"type":"Feature","geometry":{"type":"Point","coordinates":[-98.7131,49.1476]},"properties":{"source":"cwfis","country":"CA","agency":"MB","sensor":"MODIS · Terra","detected":"2026-10-10T16:39:00Z","intensity":161,"area_ha":null,"level":0}},{"type":"Feature","geometry":{"type":"Point","coordinates":[-105.4087,38.9897]},"properties":{"source":"cwfis","country":"US","agency":"CO","sensor":"MODIS · Terra","detected":"2026-10-10T16:41:00Z","intensity":0,"area_ha":null,"level":0}},{"type":"Feature","geometry":{"type":"Point","coordinates":[-105.3785,38.9827]},"properties":{"source":"cwfis","country":"US","agency":"CO","sensor":"MODIS · Terra","detected":"2026-10-10T16:41:00Z","intensity":0,"area_ha":null,"level":0}},{"type":"Feature","geometry":{"type":"Point","coordinates":[-111.5656,39.0691]},"properties":{"source":"cwfis","country":"US","agency":"UT","sensor":"MODIS · Terra","detected":"2026-10-10T16:41:00Z","intensity":1657,"area_ha":null,"level":0}},{"type":"Feature","geometry":{"type":"Point","coordinates":[-111.5529,39.0669]},"properties":{"source":"cwfis","country":"US","agency":"UT","sensor":"MODIS · Terra","detected":"2026-10-10T16:41:00Z","intensity":0,"area_ha":null,"level":0}},{"type":"Feature","geometry":{"type":"Point","coordinates":[-105.3869,38.9771]},"properties":{"source":"cwfis","country":"US","agency":"CO","sensor":"MODIS · Terra","detected":"2026-10-10T16:41:00Z","intensity":0,"area_ha":null,"level":0}},{"type":"Feature","geometry":{"type":"Point","coordinates":[-108.8846,38.4987]},"properties":{"source":"cwfis","country":"US","agency":"CO","sensor":"MODIS · Terra","detected":"2026-10-10T16:41:00Z","intensity":5921,"area_ha":null,"level":1}},{"type":"Feature","geometry":{"type":"Point","coordinates":[-111.6491,39.0637]},"properties":{"source":"cwfis","country":"US","agency":"UT","sensor":"MODIS · Terra","detected":"2026-10-10T16:41:00Z","intensity":29484,"area_ha":null,"level":2}},{"type":"Feature","geometry":{"type":"Point","coordinates":[-112.2156,36.7076]},"properties":{"source":"cwfis","country":"US","agency":"AZ","sensor":"MODIS · Terra","detected":"2026-10-10T16:43:00Z","intensity":5865,"area_ha":null,"level":1}},{"type":"Feature","geometry":{"type":"Point","coordinates":[-97.7647,49.8531]},"properties":{"source":"cwfis","country":"CA","agency":"MB","sensor":"SLSTR · S3B","detected":"2026-10-10T17:15:06Z","intensity":154,"area_ha":null,"level":0}},{"type":"Feature","geometry":{"type":"Point","coordinates":[-97.7785,49.8553]},"properties":{"source":"cwfis","country":"CA","agency":"MB","sensor":"SLSTR · S3B","detected":"2026-10-10T17:15:06Z","intensity":102,"area_ha":null,"level":0}},{"type":"Feature","geometry":{"type":"Point","coordinates":[-97.7511,49.8509]},"properties":{"source":"cwfis","country":"CA","agency":"MB","sensor":"SLSTR · S3B","detected":"2026-10-10T17:15:06Z","intensity":154,"area_ha":null,"level":0}},{"type":"Feature","geometry":{"type":"Point","coordinates":[-96.8169,48.9843]},"properties":{"source":"cwfis","country":"US","agency":"MN","sensor":"SLSTR · S3B","detected":"2026-10-10T17:15:18Z","intensity":1613,"area_ha":null,"level":0}},{"type":"Feature","geometry":{"type":"Point","coordinates":[-96.8309,48.9857]},"properties":{"source":"cwfis","country":"US","agency":"MN","sensor":"SLSTR · S3B","detected":"2026-10-10T17:15:18Z","intensity":0,"area_ha":null,"level":0}},{"type":"Feature","geometry":{"type":"Point","coordinates":[-96.8449,48.9871]},"properties":{"source":"cwfis","country":"US","agency":"MN","sensor":"SLSTR · S3B","detected":"2026-10-10T17:15:18Z","intensity":0,"area_ha":null,"level":0}},{"type":"Feature","geometry":{"type":"Point","coordinates":[-98.7104,49.1522]},"properties":{"source":"cwfis","country":"CA","agency":"MB","sensor":"SLSTR · S3B","detected":"2026-10-10T17:15:20Z","intensity":172,"area_ha":null,"level":0}},{"type":"Feature","geometry":{"type":"Point","coordinates":[-98.7237,49.1548]},"properties":{"source":"cwfis","country":"CA","agency":"MB","sensor":"SLSTR · S3B","detected":"2026-10-10T17:15:20Z","intensity":172,"area_ha":null,"level":0}},{"type":"Feature","geometry":{"type":"Point","coordinates":[-98.7138,49.1436]},"properties":{"source":"cwfis","country":"CA","agency":"MB","sensor":"SLSTR · S3B","detected":"2026-10-10T17:15:20Z","intensity":161,"area_ha":null,"level":0}},{"type":"Feature","geometry":{"type":"Point","coordinates":[-98.7271,49.1461]},"properties":{"source":"cwfis","country":"CA","agency":"MB","sensor":"SLSTR · S3B","detected":"2026-10-10T17:15:20Z","intensity":62,"area_ha":null,"level":0}},{"type":"Feature","geometry":{"type":"Point","coordinates":[-98.9284,49.0448]},"properties":{"source":"cwfis","country":"CA","agency":"MB","sensor":"SLSTR · S3B","detected":"2026-10-10T17:15:22Z","intensity":145,"area_ha":null,"level":0}},{"type":"Feature","geometry":{"type":"Point","coordinates":[-98.9151,49.0421]},"properties":{"source":"cwfis","country":"CA","agency":"MB","sensor":"SLSTR · S3B","detected":"2026-10-10T17:15:22Z","intensity":211,"area_ha":null,"level":0}},{"type":"Feature","geometry":{"type":"Point","coordinates":[-99.1338,49.0686]},"properties":{"source":"cwfis","country":"CA","agency":"MB","sensor":"SLSTR · S3B","detected":"2026-10-10T17:15:23Z","intensity":46,"area_ha":null,"level":0}},{"type":"Feature","geometry":{"type":"Point","coordinates":[-99.1074,49.0629]},"properties":{"source":"cwfis","country":"CA","agency":"MB","sensor":"SLSTR · S3B","detected":"2026-10-10T17:15:23Z","intensity":167,"area_ha":null,"level":0}},{"type":"Feature","geometry":{"type":"Point","coordinates":[-99.1206,49.0657]},"properties":{"source":"cwfis","country":"CA","agency":"MB","sensor":"SLSTR · S3B","detected":"2026-10-10T17:15:23Z","intensity":151,"area_ha":null,"level":0}},{"type":"Feature","geometry":{"type":"Point","coordinates":[-98.0777,48.4935]},"properties":{"source":"cwfis","country":"US","agency":"ND","sensor":"SLSTR · S3B","detected":"2026-10-10T17:15:29Z","intensity":472,"area_ha":null,"level":0}},{"type":"Feature","geometry":{"type":"Point","coordinates":[-98.1045,48.4976]},"properties":{"source":"cwfis","country":"US","agency":"ND","sensor":"SLSTR · S3B","detected":"2026-10-10T17:15:29Z","intensity":0,"area_ha":null,"level":0}},{"type":"Feature","geometry":{"type":"Point","coordinates":[-98.0911,48.4956]},"properties":{"source":"cwfis","country":"US","agency":"ND","sensor":"SLSTR · S3B","detected":"2026-10-10T17:15:29Z","intensity":205,"area_ha":null,"level":0}},{"type":"Feature","geometry":{"type":"Point","coordinates":[-99.5744,48.0939]},"properties":{"source":"cwfis","country":"US","agency":"ND","sensor":"SLSTR · S3B","detected":"2026-10-10T17:15:39Z","intensity":373,"area_ha":null,"level":0}},{"type":"Feature","geometry":{"type":"Point","coordinates":[-95.944,47.5636]},"properties":{"source":"cwfis","country":"US","agency":"MN","sensor":"SLSTR · S3B","detected":"2026-10-10T17:15:41Z","intensity":679,"area_ha":null,"level":0}},{"type":"Feature","geometry":{"type":"Point","coordinates":[-95.9527,47.5729]},"properties":{"source":"cwfis","country":"US","agency":"MN","sensor":"SLSTR · S3B","detected":"2026-10-10T17:15:41Z","intensity":0,"area_ha":null,"level":0}},{"type":"Feature","geometry":{"type":"Point","coordinates":[-95.9685,47.5119]},"properties":{"source":"cwfis","country":"US","agency":"MN","sensor":"SLSTR · S3B","detected":"2026-10-10T17:15:42Z","intensity":939,"area_ha":null,"level":0}},{"type":"Feature","geometry":{"type":"Point","coordinates":[-95.954,47.5114]},"properties":{"source":"cwfis","country":"US","agency":"MN","sensor":"SLSTR · S3B","detected":"2026-10-10T17:15:42Z","intensity":241,"area_ha":null,"level":0}},{"type":"Feature","geometry":{"type":"Point","coordinates":[-95.9918,47.5216]},"properties":{"source":"cwfis","country":"US","agency":"MN","sensor":"SLSTR · S3B","detected":"2026-10-10T17:15:42Z","intensity":743,"area_ha":null,"level":0}},{"type":"Feature","geometry":{"type":"Point","coordinates":[-95.9748,47.5296]},"properties":{"source":"cwfis","country":"US","agency":"MN","sensor":"SLSTR · S3B","detected":"2026-10-10T17:15:42Z","intensity":539,"area_ha":null,"level":0}},{"type":"Feature","geometry":{"type":"Point","coordinates":[-95.9603,47.5291]},"properties":{"source":"cwfis","country":"US","agency":"MN","sensor":"SLSTR · S3B","detected":"2026-10-10T17:15:42Z","intensity":1727,"area_ha":null,"level":0}},{"type":"Feature","geometry":{"type":"Point","coordinates":[-95.9457,47.5287]},"properties":{"source":"cwfis","country":"US","agency":"MN","sensor":"SLSTR · S3B","detected":"2026-10-10T17:15:42Z","intensity":0,"area_ha":null,"level":0}},{"type":"Feature","geometry":{"type":"Point","coordinates":[-95.8851,47.4659]},"properties":{"source":"cwfis","country":"US","agency":"MN","sensor":"SLSTR · S3B","detected":"2026-10-10T17:15:43Z","intensity":523,"area_ha":null,"level":0}},{"type":"Feature","geometry":{"type":"Point","coordinates":[-95.864,47.4479]},"properties":{"source":"cwfis","country":"US","agency":"MN","sensor":"SLSTR · S3B","detected":"2026-10-10T17:15:43Z","intensity":1067,"area_ha":null,"level":0}},{"type":"Feature","geometry":{"type":"Point","coordinates":[-95.8786,47.4483]},"properties":{"source":"cwfis","country":"US","agency":"MN","sensor":"SLSTR · S3B","detected":"2026-10-10T17:15:43Z","intensity":980,"area_ha":null,"level":0}},{"type":"Feature","geometry":{"type":"Point","coordinates":[-95.8704,47.4655]},"properties":{"source":"cwfis","country":"US","agency":"MN","sensor":"SLSTR · S3B","detected":"2026-10-10T17:15:43Z","intensity":717,"area_ha":null,"level":0}},{"type":"Feature","geometry":{"type":"Point","coordinates":[-95.8558,47.4651]},"properties":{"source":"cwfis","country":"US","agency":"MN","sensor":"SLSTR · S3B","detected":"2026-10-10T17:15:43Z","intensity":798,"area_ha":null,"level":0}},{"type":"Feature","geometry":{"type":"Point","coordinates":[-95.8552,47.4387]},"properties":{"source":"cwfis","country":"US","agency":"MN","sensor":"SLSTR · S3B","detected":"2026-10-10T17:15:43Z","intensity":1067,"area_ha":null,"level":0}},{"type":"Feature","geometry":{"type":"Point","coordinates":[-95.8616,47.4563]},"properties":{"source":"cwfis","country":"US","agency":"MN","sensor":"SLSTR · S3B","detected":"2026-10-10T17:15:43Z","intensity":0,"area_ha":null,"level":0}},{"type":"Feature","geometry":{"type":"Point","coordinates":[-95.8587,47.3691]},"properties":{"source":"cwfis","country":"US","agency":"MN","sensor":"SLSTR · S3B","detected":"2026-10-10T17:15:44Z","intensity":1882,"area_ha":null,"level":0}},{"type":"Feature","geometry":{"type":"Point","coordinates":[-95.8377,47.3511]},"properties":{"source":"cwfis","country":"US","agency":"MN","sensor":"SLSTR · S3B","detected":"2026-10-10T17:15:45Z","intensity":1067,"area_ha":null,"level":0}},{"type":"Feature","geometry":{"type":"Point","coordinates":[-95.8523,47.3515]},"properties":{"source":"cwfis","country":"US","agency":"MN","sensor":"SLSTR · S3B","detected":"2026-10-10T17:15:45Z","intensity":1067,"area_ha":null,"level":0}},{"type":"Feature","geometry":{"type":"Point","coordinates":[-95.8668,47.3518]},"properties":{"source":"cwfis","country":"US","agency":"MN","sensor":"SLSTR · S3B","detected":"2026-10-10T17:15:45Z","intensity":717,"area_ha":null,"level":0}},{"type":"Feature","geometry":{"type":"Point","coordinates":[-95.861,47.3606]},"properties":{"source":"cwfis","country":"US","agency":"MN","sensor":"SLSTR · S3B","detected":"2026-10-10T17:15:45Z","intensity":1067,"area_ha":null,"level":0}},{"type":"Feature","geometry":{"type":"Point","coordinates":[-95.84,47.3427]},"properties":{"source":"cwfis","country":"US","agency":"MN","sensor":"SLSTR · S3B","detected":"2026-10-10T17:15:45Z","intensity":1219,"area_ha":null,"level":0}},{"type":"Feature","geometry":{"type":"Point","coordinates":[-96.2269,47.3021]},"properties":{"source":"cwfis","country":"US","agency":"MN","sensor":"SLSTR · S3B","detected":"2026-10-10T17:15:46Z","intensity":1794,"area_ha":null,"level":0}},{"type":"Feature","geometry":{"type":"Point","coordinates":[-96.2038,47.2922]},"properties":{"source":"cwfis","country":"US","agency":"MN","sensor":"SLSTR · S3B","detected":"2026-10-10T17:15:46Z","intensity":1140,"area_ha":null,"level":0}},{"type":"Feature","geometry":{"type":"Point","coordinates":[-96.2126,47.3015]},"properties":{"source":"cwfis","country":"US","agency":"MN","sensor":"SLSTR · S3B","detected":"2026-10-10T17:15:46Z","intensity":1067,"area_ha":null,"level":0}},{"type":"Feature","geometry":{"type":"Point","coordinates":[-96.2182,47.2928]},"properties":{"source":"cwfis","country":"US","agency":"MN","sensor":"SLSTR · S3B","detected":"2026-10-10T17:15:46Z","intensity":0,"area_ha":null,"level":0}},{"type":"Feature","geometry":{"type":"Point","coordinates":[-96.0702,47.1043]},"properties":{"source":"cwfis","country":"US","agency":"MN","sensor":"SLSTR · S3B","detected":"2026-10-10T17:15:49Z","intensity":2221,"area_ha":null,"level":1}},{"type":"Feature","geometry":{"type":"Point","coordinates":[-96.0928,47.0874]},"properties":{"source":"cwfis","country":"US","agency":"MN","sensor":"SLSTR · S3B","detected":"2026-10-10T17:15:49Z","intensity":1067,"area_ha":null,"level":0}},{"type":"Feature","geometry":{"type":"Point","coordinates":[-96.1073,47.0878]},"properties":{"source":"cwfis","country":"US","agency":"MN","sensor":"SLSTR · S3B","detected":"2026-10-10T17:15:49Z","intensity":1067,"area_ha":null,"level":0}},{"type":"Feature","geometry":{"type":"Point","coordinates":[-96.076,47.0955]},"properties":{"source":"cwfis","country":"US","agency":"MN","sensor":"SLSTR · S3B","detected":"2026-10-10T17:15:49Z","intensity":640,"area_ha":null,"level":0}},{"type":"Feature","geometry":{"type":"Point","coordinates":[-96.0905,47.0959]},"properties":{"source":"cwfis","country":"US","agency":"MN","sensor":"SLSTR · S3B","detected":"2026-10-10T17:15:49Z","intensity":640,"area_ha":null,"level":0}},{"type":"Feature","geometry":{"type":"Point","coordinates":[-96.0615,47.0951]},"properties":{"source":"cwfis","country":"US","agency":"MN","sensor":"SLSTR · S3B","detected":"2026-10-10T17:15:49Z","intensity":2921,"area_ha":null,"level":1}},{"type":"Feature","geometry":{"type":"Point","coordinates":[-96.0847,47.1047]},"properties":{"source":"cwfis","country":"US","agency":"MN","sensor":"SLSTR · S3B","detected":"2026-10-10T17:15:49Z","intensity":1067,"area_ha":null,"level":0}},{"type":"Feature","geometry":{"type":"Point","coordinates":[-96.0992,47.1051]},"properties":{"source":"cwfis","country":"US","agency":"MN","sensor":"SLSTR · S3B","detected":"2026-10-10T17:15:49Z","intensity":3673,"area_ha":null,"level":1}},{"type":"Feature","geometry":{"type":"Point","coordinates":[-96.0825,47.1132]},"properties":{"source":"cwfis","country":"US","agency":"MN","sensor":"SLSTR · S3B","detected":"2026-10-10T17:15:49Z","intensity":1067,"area_ha":null,"level":0}},{"type":"Feature","geometry":{"type":"Point","coordinates":[-96.0969,47.1136]},"properties":{"source":"cwfis","country":"US","agency":"MN","sensor":"SLSTR · S3B","detected":"2026-10-10T17:15:49Z","intensity":1067,"area_ha":null,"level":0}},{"type":"Feature","geometry":{"type":"Point","coordinates":[-96.0622,47.1215]},"properties":{"source":"cwfis","country":"US","agency":"MN","sensor":"SLSTR · S3B","detected":"2026-10-10T17:15:49Z","intensity":936,"area_ha":null,"level":0}},{"type":"Feature","geometry":{"type":"Point","coordinates":[-96.0767,47.1219]},"properties":{"source":"cwfis","country":"US","agency":"MN","sensor":"SLSTR · S3B","detected":"2026-10-10T17:15:49Z","intensity":1010,"area_ha":null,"level":0}},{"type":"Feature","geometry":{"type":"Point","coordinates":[-96.0912,47.1223]},"properties":{"source":"cwfis","country":"US","agency":"MN","sensor":"SLSTR · S3B","detected":"2026-10-10T17:15:49Z","intensity":3127,"area_ha":null,"level":1}},{"type":"Feature","geometry":{"type":"Point","coordinates":[-96.0784,47.087]},"properties":{"source":"cwfis","country":"US","agency":"MN","sensor":"SLSTR · S3B","detected":"2026-10-10T17:15:49Z","intensity":0,"area_ha":null,"level":0}},{"type":"Feature","geometry":{"type":"Point","coordinates":[-96.068,47.1128]},"properties":{"source":"cwfis","country":"US","agency":"MN","sensor":"SLSTR · S3B","detected":"2026-10-10T17:15:49Z","intensity":1067,"area_ha":null,"level":0}},{"type":"Feature","geometry":{"type":"Point","coordinates":[-98.2429,46.6986]},"properties":{"source":"cwfis","country":"US","agency":"ND","sensor":"SLSTR · S3B","detected":"2026-10-10T17:15:58Z","intensity":0,"area_ha":null,"level":0}},{"type":"Feature","geometry":{"type":"Point","coordinates":[-105.8704,39.8847]},"properties":{"source":"cwfis","country":"US","agency":"CO","sensor":"SLSTR · S3B","detected":"2026-10-10T17:18:19Z","intensity":48640,"area_ha":null,"level":2}},{"type":"Feature","geometry":{"type":"Point","coordinates":[-105.8666,39.8925]},"properties":{"source":"cwfis","country":"US","agency":"CO","sensor":"SLSTR · S3B","detected":"2026-10-10T17:18:19Z","intensity":52429,"area_ha":null,"level":2}},{"type":"Feature","geometry":{"type":"Point","coordinates":[-105.8425,39.8911]},"properties":{"source":"cwfis","country":"US","agency":"CO","sensor":"SLSTR · S3B","detected":"2026-10-10T17:18:19Z","intensity":49816,"area_ha":null,"level":2}},{"type":"Feature","geometry":{"type":"Point","coordinates":[-105.8699,39.8747]},"properties":{"source":"cwfis","country":"US","agency":"CO","sensor":"SLSTR · S3B","detected":"2026-10-10T17:18:19Z","intensity":83252,"area_ha":null,"level":2}},{"type":"Feature","geometry":{"type":"Point","coordinates":[-105.8463,39.8734]},"properties":{"source":"cwfis","country":"US","agency":"CO","sensor":"SLSTR · S3B","detected":"2026-10-10T17:18:19Z","intensity":32732,"area_ha":null,"level":2}},{"type":"Feature","geometry":{"type":"Point","coordinates":[-105.8666,39.9024]},"properties":{"source":"cwfis","country":"US","agency":"CO","sensor":"SLSTR · S3B","detected":"2026-10-10T17:18:19Z","intensity":48667,"area_ha":null,"level":2}},{"type":"Feature","geometry":{"type":"Point","coordinates":[-105.8579,39.879]},"properties":{"source":"cwfis","country":"US","agency":"CO","sensor":"SLSTR · S3B","detected":"2026-10-10T17:18:19Z","intensity":97459,"area_ha":null,"level":2}},{"type":"Feature","geometry":{"type":"Point","coordinates":[-105.8542,39.8867]},"properties":{"source":"cwfis","country":"US","agency":"CO","sensor":"SLSTR · S3B","detected":"2026-10-10T17:18:19Z","intensity":93435,"area_ha":null,"level":2}},{"type":"Feature","geometry":{"type":"Point","coordinates":[-105.8545,39.8967]},"properties":{"source":"cwfis","country":"US","agency":"CO","sensor":"SLSTR · S3B","detected":"2026-10-10T17:18:19Z","intensity":89489,"area_ha":null,"level":2}},{"type":"Feature","geometry":{"type":"Point","coordinates":[-106.1377,39.568]},"properties":{"source":"cwfis","country":"US","agency":"CO","sensor":"SLSTR · S3B","detected":"2026-10-10T17:18:26Z","intensity":4307,"area_ha":null,"level":1}},{"type":"Feature","geometry":{"type":"Point","coordinates":[-105.3848,38.9775]},"properties":{"source":"cwfis","country":"US","agency":"CO","sensor":"SLSTR · S3B","detected":"2026-10-10T17:18:29Z","intensity":0,"area_ha":null,"level":0}},{"type":"Feature","geometry":{"type":"Point","coordinates":[-105.396,38.9824]},"properties":{"source":"cwfis","country":"US","agency":"CO","sensor":"SLSTR · S3B","detected":"2026-10-10T17:18:29Z","intensity":0,"area_ha":null,"level":0}},{"type":"Feature","geometry":{"type":"Point","coordinates":[-105.4074,38.9873]},"properties":{"source":"cwfis","country":"US","agency":"CO","sensor":"SLSTR · S3B","detected":"2026-10-10T17:18:29Z","intensity":0,"area_ha":null,"level":0}},{"type":"Feature","geometry":{"type":"Point","coordinates":[-107.4261,39.3304]},"properties":{"source":"cwfis","country":"US","agency":"CO","sensor":"SLSTR · S3B","detected":"2026-10-10T17:18:40Z","intensity":1390,"area_ha":null,"level":0}},{"type":"Feature","geometry":{"type":"Point","coordinates":[-107.4181,39.316]},"properties":{"source":"cwfis","country":"US","agency":"CO","sensor":"SLSTR · S3B","detected":"2026-10-10T17:18:40Z","intensity":1671,"area_ha":null,"level":0}},{"type":"Feature","geometry":{"type":"Point","coordinates":[-107.4004,39.3156]},"properties":{"source":"cwfis","country":"US","agency":"CO","sensor":"SLSTR · S3B","detected":"2026-10-10T17:18:40Z","intensity":5390,"area_ha":null,"level":1}},{"type":"Feature","geometry":{"type":"Point","coordinates":[-107.4424,39.32]},"properties":{"source":"cwfis","country":"US","agency":"CO","sensor":"SLSTR · S3B","detected":"2026-10-10T17:18:40Z","intensity":1501,"area_ha":null,"level":0}},{"type":"Feature","geometry":{"type":"Point","coordinates":[-107.4021,39.3265]},"properties":{"source":"cwfis","country":"US","agency":"CO","sensor":"SLSTR · S3B","detected":"2026-10-10T17:18:40Z","intensity":5122,"area_ha":null,"level":1}},{"type":"Feature","geometry":{"type":"Point","coordinates":[-107.4131,39.323]},"properties":{"source":"cwfis","country":"US","agency":"CO","sensor":"SLSTR · S3B","detected":"2026-10-10T17:18:40Z","intensity":5477,"area_ha":null,"level":1}},{"type":"Feature","geometry":{"type":"Point","coordinates":[-111.5653,39.0639]},"properties":{"source":"cwfis","country":"US","agency":"UT","sensor":"SLSTR · S3B","detected":"2026-10-10T17:19:29Z","intensity":1780,"area_ha":null,"level":0}},{"type":"Feature","geometry":{"type":"Point","coordinates":[-111.5485,39.0493]},"properties":{"source":"cwfis","country":"US","agency":"UT","sensor":"SLSTR · S3B","detected":"2026-10-10T17:19:29Z","intensity":0,"area_ha":null,"level":0}},{"type":"Feature","geometry":{"type":"Point","coordinates":[-111.5553,39.0646]},"properties":{"source":"cwfis","country":"US","agency":"UT","sensor":"SLSTR · S3B","detected":"2026-10-10T17:19:29Z","intensity":0,"area_ha":null,"level":0}},{"type":"Feature","geometry":{"type":"Point","coordinates":[-101.9361,50.02]},"properties":{"source":"cwfis","country":"CA","agency":"SK","sensor":"SLSTR · S3A","detected":"2026-10-10T17:53:40Z","intensity":406,"area_ha":null,"level":0}},{"type":"Feature","geometry":{"type":"Point","coordinates":[-101.9171,50.0287]},"properties":{"source":"cwfis","country":"CA","agency":"SK","sensor":"SLSTR · S3A","detected":"2026-10-10T17:53:40Z","intensity":277,"area_ha":null,"level":0}},{"type":"Feature","geometry":{"type":"Point","coordinates":[-84.731,33.1968]},"properties":{"source":"cwfis","country":"US","agency":"GA","sensor":"VIIRS-I · NOAA-20","detected":"2026-10-10T17:54:00Z","intensity":4,"area_ha":null,"level":0}},{"type":"Feature","geometry":{"type":"Point","coordinates":[-108.8898,41.9422]},"properties":{"source":"cwfis","country":"US","agency":"WY","sensor":"SLSTR · S3A","detected":"2026-10-10T17:56:00Z","intensity":18940,"area_ha":null,"level":2}},{"type":"Feature","geometry":{"type":"Point","coordinates":[-108.9025,41.943]},"properties":{"source":"cwfis","country":"US","agency":"WY","sensor":"SLSTR · S3A","detected":"2026-10-10T17:56:00Z","intensity":19587,"area_ha":null,"level":2}},{"type":"Feature","geometry":{"type":"Point","coordinates":[-108.8853,41.9513]},"properties":{"source":"cwfis","country":"US","agency":"WY","sensor":"SLSTR · S3A","detected":"2026-10-10T17:56:00Z","intensity":20764,"area_ha":null,"level":2}},{"type":"Feature","geometry":{"type":"Point","coordinates":[-108.898,41.9521]},"properties":{"source":"cwfis","country":"US","agency":"WY","sensor":"SLSTR · S3A","detected":"2026-10-10T17:56:00Z","intensity":19632,"area_ha":null,"level":2}},{"type":"Feature","geometry":{"type":"Point","coordinates":[-74.3695,41.7376]},"properties":{"source":"cwfis","country":"US","agency":"NY","sensor":"VIIRS-I · NOAA-20","detected":"2026-10-10T17:56:00Z","intensity":70,"area_ha":null,"level":0}},{"type":"Feature","geometry":{"type":"Point","coordinates":[-74.5327,42.2077]},"properties":{"source":"cwfis","country":"US","agency":"NY","sensor":"VIIRS-I · NOAA-20","detected":"2026-10-10T17:56:00Z","intensity":113,"area_ha":null,"level":0}},{"type":"Feature","geometry":{"type":"Point","coordinates":[-71.0598,41.7629]},"properties":{"source":"cwfis","country":"US","agency":"MA","sensor":"VIIRS-I · NOAA-20","detected":"2026-10-10T17:56:00Z","intensity":100,"area_ha":null,"level":0}},{"type":"Feature","geometry":{"type":"Point","coordinates":[-75.2511,42.3189]},"properties":{"source":"cwfis","country":"US","agency":"NY","sensor":"VIIRS-I · NOAA-20","detected":"2026-10-10T17:56:00Z","intensity":17,"area_ha":null,"level":0}},{"type":"Feature","geometry":{"type":"Point","coordinates":[-108.9046,41.9347]},"properties":{"source":"cwfis","country":"US","agency":"WY","sensor":"SLSTR · S3A","detected":"2026-10-10T17:56:01Z","intensity":19615,"area_ha":null,"level":2}},{"type":"Feature","geometry":{"type":"Point","coordinates":[-108.8986,41.9165]},"properties":{"source":"cwfis","country":"US","agency":"WY","sensor":"SLSTR · S3A","detected":"2026-10-10T17:56:01Z","intensity":22412,"area_ha":null,"level":2}},{"type":"Feature","geometry":{"type":"Point","coordinates":[-108.9113,41.9172]},"properties":{"source":"cwfis","country":"US","agency":"WY","sensor":"SLSTR · S3A","detected":"2026-10-10T17:56:01Z","intensity":22200,"area_ha":null,"level":2}},{"type":"Feature","geometry":{"type":"Point","coordinates":[-108.924,41.918]},"properties":{"source":"cwfis","country":"US","agency":"WY","sensor":"SLSTR · S3A","detected":"2026-10-10T17:56:01Z","intensity":16390,"area_ha":null,"level":2}},{"type":"Feature","geometry":{"type":"Point","coordinates":[-108.8964,41.9248]},"properties":{"source":"cwfis","country":"US","agency":"WY","sensor":"SLSTR · S3A","detected":"2026-10-10T17:56:01Z","intensity":19950,"area_ha":null,"level":2}},{"type":"Feature","geometry":{"type":"Point","coordinates":[-108.9091,41.9255]},"properties":{"source":"cwfis","country":"US","agency":"WY","sensor":"SLSTR · S3A","detected":"2026-10-10T17:56:01Z","intensity":20101,"area_ha":null,"level":2}},{"type":"Feature","geometry":{"type":"Point","coordinates":[-108.8919,41.9339]},"properties":{"source":"cwfis","country":"US","agency":"WY","sensor":"SLSTR · S3A","detected":"2026-10-10T17:56:01Z","intensity":1614,"area_ha":null,"level":0}},{"type":"Feature","geometry":{"type":"Point","coordinates":[-108.9174,41.9354]},"properties":{"source":"cwfis","country":"US","agency":"WY","sensor":"SLSTR · S3A","detected":"2026-10-10T17:56:01Z","intensity":15767,"area_ha":null,"level":2}},{"type":"Feature","geometry":{"type":"Point","coordinates":[-109.4526,40.8889]},"properties":{"source":"cwfis","country":"US","agency":"UT","sensor":"SLSTR · S3A","detected":"2026-10-10T17:56:19Z","intensity":0,"area_ha":null,"level":0}},{"type":"Feature","geometry":{"type":"Point","coordinates":[-111.1166,40.452]},"properties":{"source":"cwfis","country":"US","agency":"UT","sensor":"SLSTR · S3A","detected":"2026-10-10T17:56:29Z","intensity":35663,"area_ha":null,"level":2}},{"type":"Feature","geometry":{"type":"Point","coordinates":[-111.1432,40.4467]},"properties":{"source":"cwfis","country":"US","agency":"UT","sensor":"SLSTR · S3A","detected":"2026-10-10T17:56:29Z","intensity":0,"area_ha":null,"level":0}},{"type":"Feature","geometry":{"type":"Point","coordinates":[-111.1282,40.454]},"properties":{"source":"cwfis","country":"US","agency":"UT","sensor":"SLSTR · S3A","detected":"2026-10-10T17:56:29Z","intensity":47716,"area_ha":null,"level":2}},{"type":"Feature","geometry":{"type":"Point","coordinates":[-111.1315,40.4447]},"properties":{"source":"cwfis","country":"US","agency":"UT","sensor":"SLSTR · S3A","detected":"2026-10-10T17:56:29Z","intensity":34663,"area_ha":null,"level":2}},{"type":"Feature","geometry":{"type":"Point","coordinates":[-96.253,45.1712]},"properties":{"source":"cwfis","country":"US","agency":"MN","sensor":"VIIRS-I · NOAA-20","detected":"2026-10-10T17:58:00Z","intensity":2611,"area_ha":null,"level":1}},{"type":"Feature","geometry":{"type":"Point","coordinates":[-88.3728,44.9933]},"properties":{"source":"cwfis","country":"US","agency":"WI","sensor":"VIIRS-I · NOAA-20","detected":"2026-10-10T17:58:00Z","intensity":2245,"area_ha":null,"level":1}},{"type":"Feature","geometry":{"type":"Point","coordinates":[-69.0537,47.438]},"properties":{"source":"cwfis","country":"CA","agency":"QC","sensor":"VIIRS-I · NOAA-20","detected":"2026-10-10T17:58:00Z","intensity":0,"area_ha":null,"level":0}},{"type":"Feature","geometry":{"type":"Point","coordinates":[-88.3771,44.9921]},"properties":{"source":"cwfis","country":"US","agency":"WI","sensor":"VIIRS-I · NOAA-20","detected":"2026-10-10T17:58:00Z","intensity":591,"area_ha":null,"level":0}},{"type":"Feature","geometry":{"type":"Point","coordinates":[-121.9419,38.8631]},"properties":{"source":"cwfis","country":"US","agency":"CA","sensor":"SLSTR · S3A","detected":"2026-10-10T17:58:20Z","intensity":4313,"area_ha":null,"level":1}},{"type":"Feature","geometry":{"type":"Point","coordinates":[-96.7013,46.5211]},"properties":{"source":"cwfis","country":"US","agency":"MN","sensor":"VIIRS-I · NOAA-20","detected":"2026-10-10T17:59:00Z","intensity":2366,"area_ha":null,"level":1}},{"type":"Feature","geometry":{"type":"Point","coordinates":[-98.6014,48.4832]},"properties":{"source":"cwfis","country":"US","agency":"ND","sensor":"VIIRS-I · NOAA-20","detected":"2026-10-10T18:00:00Z","intensity":121,"area_ha":null,"level":0}},{"type":"Feature","geometry":{"type":"Point","coordinates":[-98.2278,48.2939]},"properties":{"source":"cwfis","country":"US","agency":"ND","sensor":"VIIRS-I · NOAA-20","detected":"2026-10-10T18:00:00Z","intensity":0,"area_ha":null,"level":0}},{"type":"Feature","geometry":{"type":"Point","coordinates":[-98.2365,48.2906]},"properties":{"source":"cwfis","country":"US","agency":"ND","sensor":"VIIRS-I · NOAA-20","detected":"2026-10-10T18:00:00Z","intensity":0,"area_ha":null,"level":0}},{"type":"Feature","geometry":{"type":"Point","coordinates":[-98.099,48.488]},"properties":{"source":"cwfis","country":"US","agency":"ND","sensor":"VIIRS-I · NOAA-20","detected":"2026-10-10T18:00:00Z","intensity":0,"area_ha":null,"level":0}},{"type":"Feature","geometry":{"type":"Point","coordinates":[-97.2276,49.3713]},"properties":{"source":"cwfis","country":"CA","agency":"MB","sensor":"VIIRS-I · NOAA-20","detected":"2026-10-10T18:00:00Z","intensity":145,"area_ha":null,"level":0}},{"type":"Feature","geometry":{"type":"Point","coordinates":[-99.4238,49.2814]},"properties":{"source":"cwfis","country":"CA","agency":"MB","sensor":"VIIRS-I · NOAA-20","detected":"2026-10-10T18:00:00Z","intensity":507,"area_ha":null,"level":0}},{"type":"Feature","geometry":{"type":"Point","coordinates":[-99.4294,49.2774]},"properties":{"source":"cwfis","country":"CA","agency":"MB","sensor":"VIIRS-I · NOAA-20","detected":"2026-10-10T18:00:00Z","intensity":126,"area_ha":null,"level":0}},{"type":"Feature","geometry":{"type":"Point","coordinates":[-97.4514,49.2141]},"properties":{"source":"cwfis","country":"CA","agency":"MB","sensor":"VIIRS-I · NOAA-20","detected":"2026-10-10T18:00:00Z","intensity":186,"area_ha":null,"level":0}},{"type":"Feature","geometry":{"type":"Point","coordinates":[-98.3292,48.9764]},"properties":{"source":"cwfis","country":"US","agency":"ND","sensor":"VIIRS-I · NOAA-20","detected":"2026-10-10T18:00:00Z","intensity":101,"area_ha":null,"level":0}},{"type":"Feature","geometry":{"type":"Point","coordinates":[-97.218,50.9958]},"properties":{"source":"cwfis","country":"CA","agency":"MB","sensor":"VIIRS-I · NOAA-20","detected":"2026-10-10T18:00:00Z","intensity":1089,"area_ha":null,"level":0}},{"type":"Feature","geometry":{"type":"Point","coordinates":[-100.8536,51.1328]},"properties":{"source":"cwfis","country":"CA","agency":"MB","sensor":"VIIRS-I · NOAA-20","detected":"2026-10-10T18:00:00Z","intensity":0,"area_ha":null,"level":0}},{"type":"Feature","geometry":{"type":"Point","coordinates":[-126.7643,55.1791]},"properties":{"source":"cwfis","country":"CA","agency":"BC","sensor":"MODIS · Terra","detected":"2026-10-10T18:17:00Z","intensity":0,"area_ha":null,"level":0}},{"type":"Feature","geometry":{"type":"Point","coordinates":[-126.785,55.1833]},"properties":{"source":"cwfis","country":"CA","agency":"BC","sensor":"MODIS · Terra","detected":"2026-10-10T18:17:00Z","intensity":0,"area_ha":null,"level":0}},{"type":"Feature","geometry":{"type":"Point","coordinates":[-126.8061,55.1875]},"properties":{"source":"cwfis","country":"CA","agency":"BC","sensor":"MODIS · Terra","detected":"2026-10-10T18:17:00Z","intensity":0,"area_ha":null,"level":0}},{"type":"Feature","geometry":{"type":"Point","coordinates":[-126.4232,54.5937]},"properties":{"source":"cwfis","country":"CA","agency":"BC","sensor":"MODIS · Terra","detected":"2026-10-10T18:17:00Z","intensity":0,"area_ha":null,"level":0}},{"type":"Feature","geometry":{"type":"Point","coordinates":[-126.4447,54.5982]},"properties":{"source":"cwfis","country":"CA","agency":"BC","sensor":"MODIS · Terra","detected":"2026-10-10T18:17:00Z","intensity":0,"area_ha":null,"level":0}},{"type":"Feature","geometry":{"type":"Point","coordinates":[-126.0217,54.5671]},"properties":{"source":"cwfis","country":"CA","agency":"BC","sensor":"MODIS · Terra","detected":"2026-10-10T18:17:00Z","intensity":0,"area_ha":null,"level":0}},{"type":"Feature","geometry":{"type":"Point","coordinates":[-126.0445,54.5719]},"properties":{"source":"cwfis","country":"CA","agency":"BC","sensor":"MODIS · Terra","detected":"2026-10-10T18:17:00Z","intensity":0,"area_ha":null,"level":0}},{"type":"Feature","geometry":{"type":"Point","coordinates":[-126.0667,54.5765]},"properties":{"source":"cwfis","country":"CA","agency":"BC","sensor":"MODIS · Terra","detected":"2026-10-10T18:17:00Z","intensity":0,"area_ha":null,"level":0}},{"type":"Feature","geometry":{"type":"Point","coordinates":[-124.7597,55.4853]},"properties":{"source":"cwfis","country":"CA","agency":"BC","sensor":"MODIS · Terra","detected":"2026-10-10T18:17:00Z","intensity":0,"area_ha":null,"level":0}},{"type":"Feature","geometry":{"type":"Point","coordinates":[-80.1523,26.2806]},"properties":{"source":"cwfis","country":"US","agency":"FL","sensor":"VIIRS-I · NOAA-21","detected":"2026-10-10T18:36:00Z","intensity":22,"area_ha":null,"level":0}},{"type":"Feature","geometry":{"type":"Point","coordinates":[-92.057,29.8836]},"properties":{"source":"cwfis","country":"US","agency":"LA","sensor":"VIIRS-I · NOAA-21","detected":"2026-10-10T18:37:00Z","intensity":0,"area_ha":null,"level":0}},{"type":"Feature","geometry":{"type":"Point","coordinates":[-91.7796,30.4429]},"properties":{"source":"cwfis","country":"US","agency":"LA","sensor":"VIIRS-I · NOAA-21","detected":"2026-10-10T18:38:00Z","intensity":105,"area_ha":null,"level":0}},{"type":"Feature","geometry":{"type":"Point","coordinates":[-91.5043,30.4077]},"properties":{"source":"cwfis","country":"US","agency":"LA","sensor":"VIIRS-I · NOAA-21","detected":"2026-10-10T18:38:00Z","intensity":86,"area_ha":null,"level":0}},{"type":"Feature","geometry":{"type":"Point","coordinates":[-91.8579,30.2094]},"properties":{"source":"cwfis","country":"US","agency":"LA","sensor":"VIIRS-I · NOAA-21","detected":"2026-10-10T18:38:00Z","intensity":258,"area_ha":null,"level":0}},{"type":"Feature","geometry":{"type":"Point","coordinates":[-91.8358,30.1749]},"properties":{"source":"cwfis","country":"US","agency":"LA","sensor":"VIIRS-I · NOAA-21","detected":"2026-10-10T18:38:00Z","intensity":95,"area_ha":null,"level":0}},{"type":"Feature","geometry":{"type":"Point","coordinates":[-91.8301,30.1762]},"properties":{"source":"cwfis","country":"US","agency":"LA","sensor":"VIIRS-I · NOAA-21","detected":"2026-10-10T18:38:00Z","intensity":121,"area_ha":null,"level":0}},{"type":"Feature","geometry":{"type":"Point","coordinates":[-91.7494,30.7617]},"properties":{"source":"cwfis","country":"US","agency":"LA","sensor":"VIIRS-I · NOAA-21","detected":"2026-10-10T18:38:00Z","intensity":95,"area_ha":null,"level":0}},{"type":"Feature","geometry":{"type":"Point","coordinates":[-91.7255,30.8202]},"properties":{"source":"cwfis","country":"US","agency":"LA","sensor":"VIIRS-I · NOAA-21","detected":"2026-10-10T18:38:00Z","intensity":105,"area_ha":null,"level":0}},{"type":"Feature","geometry":{"type":"Point","coordinates":[-91.0241,30.1624]},"properties":{"source":"cwfis","country":"US","agency":"LA","sensor":"VIIRS-I · NOAA-21","detected":"2026-10-10T18:38:00Z","intensity":584,"area_ha":null,"level":0}},{"type":"Feature","geometry":{"type":"Point","coordinates":[-91.0189,30.1635]},"properties":{"source":"cwfis","country":"US","agency":"LA","sensor":"VIIRS-I · NOAA-21","detected":"2026-10-10T18:38:00Z","intensity":178,"area_ha":null,"level":0}},{"type":"Feature","geometry":{"type":"Point","coordinates":[-91.0045,30.0468]},"properties":{"source":"cwfis","country":"US","agency":"LA","sensor":"VIIRS-I · NOAA-21","detected":"2026-10-10T18:38:00Z","intensity":75,"area_ha":null,"level":0}},{"type":"Feature","geometry":{"type":"Point","coordinates":[-91.0033,30.0424]},"properties":{"source":"cwfis","country":"US","agency":"LA","sensor":"VIIRS-I · NOAA-21","detected":"2026-10-10T18:38:00Z","intensity":75,"area_ha":null,"level":0}},{"type":"Feature","geometry":{"type":"Point","coordinates":[-91.0508,29.95]},"properties":{"source":"cwfis","country":"US","agency":"LA","sensor":"VIIRS-I · NOAA-21","detected":"2026-10-10T18:38:00Z","intensity":70,"area_ha":null,"level":0}},{"type":"Feature","geometry":{"type":"Point","coordinates":[-91.0484,29.9411]},"properties":{"source":"cwfis","country":"US","agency":"LA","sensor":"VIIRS-I · NOAA-21","detected":"2026-10-10T18:38:00Z","intensity":72,"area_ha":null,"level":0}},{"type":"Feature","geometry":{"type":"Point","coordinates":[-90.573,30.0295]},"properties":{"source":"cwfis","country":"US","agency":"LA","sensor":"VIIRS-I · NOAA-21","detected":"2026-10-10T18:38:00Z","intensity":72,"area_ha":null,"level":0}},{"type":"Feature","geometry":{"type":"Point","coordinates":[-90.5513,30.025]},"properties":{"source":"cwfis","country":"US","agency":"LA","sensor":"VIIRS-I · NOAA-21","detected":"2026-10-10T18:38:00Z","intensity":76,"area_ha":null,"level":0}},{"type":"Feature","geometry":{"type":"Point","coordinates":[-91.0002,29.8553]},"properties":{"source":"cwfis","country":"US","agency":"LA","sensor":"VIIRS-I · NOAA-21","detected":"2026-10-10T18:38:00Z","intensity":65,"area_ha":null,"level":0}},{"type":"Feature","geometry":{"type":"Point","coordinates":[-90.7534,29.7562]},"properties":{"source":"cwfis","country":"US","agency":"LA","sensor":"VIIRS-I · NOAA-21","detected":"2026-10-10T18:38:00Z","intensity":73,"area_ha":null,"level":0}},{"type":"Feature","geometry":{"type":"Point","coordinates":[-90.7572,29.7507]},"properties":{"source":"cwfis","country":"US","agency":"LA","sensor":"VIIRS-I · NOAA-21","detected":"2026-10-10T18:38:00Z","intensity":64,"area_ha":null,"level":0}},{"type":"Feature","geometry":{"type":"Point","coordinates":[-91.6324,29.8694]},"properties":{"source":"cwfis","country":"US","agency":"LA","sensor":"VIIRS-I · NOAA-21","detected":"2026-10-10T18:38:00Z","intensity":66,"area_ha":null,"level":0}},{"type":"Feature","geometry":{"type":"Point","coordinates":[-91.6347,29.8664]},"properties":{"source":"cwfis","country":"US","agency":"LA","sensor":"VIIRS-I · NOAA-21","detected":"2026-10-10T18:38:00Z","intensity":56,"area_ha":null,"level":0}},{"type":"Feature","geometry":{"type":"Point","coordinates":[-91.585,29.8382]},"properties":{"source":"cwfis","country":"US","agency":"LA","sensor":"VIIRS-I · NOAA-21","detected":"2026-10-10T18:38:00Z","intensity":105,"area_ha":null,"level":0}},{"type":"Feature","geometry":{"type":"Point","coordinates":[-91.093,29.9708]},"properties":{"source":"cwfis","country":"US","agency":"LA","sensor":"VIIRS-I · NOAA-21","detected":"2026-10-10T18:38:00Z","intensity":439,"area_ha":null,"level":0}},{"type":"Feature","geometry":{"type":"Point","coordinates":[-91.0896,29.97]},"properties":{"source":"cwfis","country":"US","agency":"LA","sensor":"VIIRS-I · NOAA-21","detected":"2026-10-10T18:38:00Z","intensity":43,"area_ha":null,"level":0}},{"type":"Feature","geometry":{"type":"Point","coordinates":[-90.7859,30.0256]},"properties":{"source":"cwfis","country":"US","agency":"LA","sensor":"VIIRS-I · NOAA-21","detected":"2026-10-10T18:38:00Z","intensity":182,"area_ha":null,"level":0}},{"type":"Feature","geometry":{"type":"Point","coordinates":[-90.7809,30.0266]},"properties":{"source":"cwfis","country":"US","agency":"LA","sensor":"VIIRS-I · NOAA-21","detected":"2026-10-10T18:38:00Z","intensity":84,"area_ha":null,"level":0}},{"type":"Feature","geometry":{"type":"Point","coordinates":[-91.9391,29.9953]},"properties":{"source":"cwfis","country":"US","agency":"LA","sensor":"VIIRS-I · NOAA-21","detected":"2026-10-10T18:38:00Z","intensity":1987,"area_ha":null,"level":0}},{"type":"Feature","geometry":{"type":"Point","coordinates":[-91.9494,29.988]},"properties":{"source":"cwfis","country":"US","agency":"LA","sensor":"VIIRS-I · NOAA-21","detected":"2026-10-10T18:38:00Z","intensity":2077,"area_ha":null,"level":1}},{"type":"Feature","geometry":{"type":"Point","coordinates":[-91.7153,29.8655]},"properties":{"source":"cwfis","country":"US","agency":"LA","sensor":"VIIRS-I · NOAA-21","detected":"2026-10-10T18:38:00Z","intensity":1690,"area_ha":null,"level":0}},{"type":"Feature","geometry":{"type":"Point","coordinates":[-93.2538,31.3708]},"properties":{"source":"cwfis","country":"US","agency":"LA","sensor":"VIIRS-I · NOAA-21","detected":"2026-10-10T18:38:00Z","intensity":2597,"area_ha":null,"level":1}},{"type":"Feature","geometry":{"type":"Point","coordinates":[-93.256,31.3693]},"properties":{"source":"cwfis","country":"US","agency":"LA","sensor":"VIIRS-I · NOAA-21","detected":"2026-10-10T18:38:00Z","intensity":6999,"area_ha":null,"level":1}},{"type":"Feature","geometry":{"type":"Point","coordinates":[-96.0955,31.5323]},"properties":{"source":"cwfis","country":"US","agency":"TX","sensor":"VIIRS-I · NOAA-21","detected":"2026-10-10T18:38:00Z","intensity":215,"area_ha":null,"level":0}},{"type":"Feature","geometry":{"type":"Point","coordinates":[-95.1689,32.1315]},"properties":{"source":"cwfis","country":"US","agency":"TX","sensor":"VIIRS-I · NOAA-21","detected":"2026-10-10T18:38:00Z","intensity":814,"area_ha":null,"level":0}},{"type":"Feature","geometry":{"type":"Point","coordinates":[-90.1809,32.2472]},"properties":{"source":"cwfis","country":"US","agency":"MS","sensor":"VIIRS-I · NOAA-21","detected":"2026-10-10T18:38:00Z","intensity":8595,"area_ha":null,"level":1}},{"type":"Feature","geometry":{"type":"Point","coordinates":[-90.4611,31.5498]},"properties":{"source":"cwfis","country":"US","agency":"MS","sensor":"VIIRS-I · NOAA-21","detected":"2026-10-10T18:38:00Z","intensity":3567,"area_ha":null,"level":1}},{"type":"Feature","geometry":{"type":"Point","coordinates":[-95.173,32.1305]},"properties":{"source":"cwfis","country":"US","agency":"TX","sensor":"VIIRS-I · NOAA-21","detected":"2026-10-10T18:38:00Z","intensity":1412,"area_ha":null,"level":0}},{"type":"Feature","geometry":{"type":"Point","coordinates":[-91.0177,30.1591]},"properties":{"source":"cwfis","country":"US","agency":"LA","sensor":"VIIRS-I · NOAA-21","detected":"2026-10-10T18:38:00Z","intensity":5510,"area_ha":null,"level":1}},{"type":"Feature","geometry":{"type":"Point","coordinates":[-90.4717,30.0693]},"properties":{"source":"cwfis","country":"US","agency":"LA","sensor":"VIIRS-I · NOAA-21","detected":"2026-10-10T18:38:00Z","intensity":556,"area_ha":null,"level":0}},{"type":"Feature","geometry":{"type":"Point","coordinates":[-93.2634,31.3685]},"properties":{"source":"cwfis","country":"US","agency":"LA","sensor":"VIIRS-I · NOAA-21","detected":"2026-10-10T18:38:00Z","intensity":455,"area_ha":null,"level":0}},{"type":"Feature","geometry":{"type":"Point","coordinates":[-96.6091,29.1066]},"properties":{"source":"cwfis","country":"US","agency":"TX","sensor":"VIIRS-I · NOAA-21","detected":"2026-10-10T18:38:00Z","intensity":0,"area_ha":null,"level":0}},{"type":"Feature","geometry":{"type":"Point","coordinates":[-91.721,29.8642]},"properties":{"source":"cwfis","country":"US","agency":"LA","sensor":"VIIRS-I · NOAA-21","detected":"2026-10-10T18:38:00Z","intensity":638,"area_ha":null,"level":0}},{"type":"Feature","geometry":{"type":"Point","coordinates":[-91.0456,29.9512]},"properties":{"source":"cwfis","country":"US","agency":"LA","sensor":"VIIRS-I · NOAA-21","detected":"2026-10-10T18:38:00Z","intensity":68,"area_ha":null,"level":0}},{"type":"Feature","geometry":{"type":"Point","coordinates":[-90.6046,30.0319]},"properties":{"source":"cwfis","country":"US","agency":"LA","sensor":"VIIRS-I · NOAA-21","detected":"2026-10-10T18:38:00Z","intensity":73,"area_ha":null,"level":0}},{"type":"Feature","geometry":{"type":"Point","coordinates":[-90.6034,30.0276]},"properties":{"source":"cwfis","country":"US","agency":"LA","sensor":"VIIRS-I · NOAA-21","detected":"2026-10-10T18:38:00Z","intensity":73,"area_ha":null,"level":0}},{"type":"Feature","geometry":{"type":"Point","coordinates":[-90.5079,30.016]},"properties":{"source":"cwfis","country":"US","agency":"LA","sensor":"VIIRS-I · NOAA-21","detected":"2026-10-10T18:38:00Z","intensity":52,"area_ha":null,"level":0}},{"type":"Feature","geometry":{"type":"Point","coordinates":[-90.9835,29.8542]},"properties":{"source":"cwfis","country":"US","agency":"LA","sensor":"VIIRS-I · NOAA-21","detected":"2026-10-10T18:38:00Z","intensity":140,"area_ha":null,"level":0}},{"type":"Feature","geometry":{"type":"Point","coordinates":[-90.7546,29.7606]},"properties":{"source":"cwfis","country":"US","agency":"LA","sensor":"VIIRS-I · NOAA-21","detected":"2026-10-10T18:38:00Z","intensity":40,"area_ha":null,"level":0}},{"type":"Feature","geometry":{"type":"Point","coordinates":[-90.7585,29.7551]},"properties":{"source":"cwfis","country":"US","agency":"LA","sensor":"VIIRS-I · NOAA-21","detected":"2026-10-10T18:38:00Z","intensity":63,"area_ha":null,"level":0}},{"type":"Feature","geometry":{"type":"Point","coordinates":[-90.5295,29.6802]},"properties":{"source":"cwfis","country":"US","agency":"LA","sensor":"VIIRS-I · NOAA-21","detected":"2026-10-10T18:38:00Z","intensity":99,"area_ha":null,"level":0}},{"type":"Feature","geometry":{"type":"Point","coordinates":[-96.0844,31.529]},"properties":{"source":"cwfis","country":"US","agency":"TX","sensor":"VIIRS-I · NOAA-21","detected":"2026-10-10T18:38:00Z","intensity":215,"area_ha":null,"level":0}},{"type":"Feature","geometry":{"type":"Point","coordinates":[-91.9154,30.2724]},"properties":{"source":"cwfis","country":"US","agency":"LA","sensor":"VIIRS-I · NOAA-21","detected":"2026-10-10T18:38:00Z","intensity":607,"area_ha":null,"level":0}},{"type":"Feature","geometry":{"type":"Point","coordinates":[-91.9723,29.938]},"properties":{"source":"cwfis","country":"US","agency":"LA","sensor":"VIIRS-I · NOAA-21","detected":"2026-10-10T18:38:00Z","intensity":0,"area_ha":null,"level":0}},{"type":"Feature","geometry":{"type":"Point","coordinates":[-95.6686,32.8238]},"properties":{"source":"cwfis","country":"US","agency":"TX","sensor":"VIIRS-I · NOAA-21","detected":"2026-10-10T18:38:00Z","intensity":321,"area_ha":null,"level":0}},{"type":"Feature","geometry":{"type":"Point","coordinates":[-91.2106,31.3504]},"properties":{"source":"cwfis","country":"US","agency":"MS","sensor":"VIIRS-I · NOAA-21","detected":"2026-10-10T18:38:00Z","intensity":540,"area_ha":null,"level":0}},{"type":"Feature","geometry":{"type":"Point","coordinates":[-95.571,32.3156]},"properties":{"source":"cwfis","country":"US","agency":"TX","sensor":"VIIRS-I · NOAA-21","detected":"2026-10-10T18:38:00Z","intensity":658,"area_ha":null,"level":0}},{"type":"Feature","geometry":{"type":"Point","coordinates":[-90.7372,30.8227]},"properties":{"source":"cwfis","country":"US","agency":"LA","sensor":"VIIRS-I · NOAA-21","detected":"2026-10-10T18:38:00Z","intensity":13919,"area_ha":null,"level":2}},{"type":"Feature","geometry":{"type":"Point","coordinates":[-95.3707,30.2633]},"properties":{"source":"cwfis","country":"US","agency":"TX","sensor":"VIIRS-I · NOAA-21","detected":"2026-10-10T18:38:00Z","intensity":4153,"area_ha":null,"level":1}},{"type":"Feature","geometry":{"type":"Point","coordinates":[-95.3752,30.2621]},"properties":{"source":"cwfis","country":"US","agency":"TX","sensor":"VIIRS-I · NOAA-21","detected":"2026-10-10T18:38:00Z","intensity":3758,"area_ha":null,"level":1}},{"type":"Feature","geometry":{"type":"Point","coordinates":[-93.8817,30.0268]},"properties":{"source":"cwfis","country":"US","agency":"TX","sensor":"VIIRS-I · NOAA-21","detected":"2026-10-10T18:38:00Z","intensity":3706,"area_ha":null,"level":1}},{"type":"Feature","geometry":{"type":"Point","coordinates":[-91.5338,31.3813]},"properties":{"source":"cwfis","country":"US","agency":"MS","sensor":"VIIRS-I · NOAA-21","detected":"2026-10-10T18:38:00Z","intensity":1871,"area_ha":null,"level":0}},{"type":"Feature","geometry":{"type":"Point","coordinates":[-95.2727,32.4313]},"properties":{"source":"cwfis","country":"US","agency":"TX","sensor":"VIIRS-I · NOAA-21","detected":"2026-10-10T18:38:00Z","intensity":325,"area_ha":null,"level":0}},{"type":"Feature","geometry":{"type":"Point","coordinates":[-91.6056,30.7313]},"properties":{"source":"cwfis","country":"US","agency":"LA","sensor":"VIIRS-I · NOAA-21","detected":"2026-10-10T18:38:00Z","intensity":105,"area_ha":null,"level":0}},{"type":"Feature","geometry":{"type":"Point","coordinates":[-91.6164,30.7289]},"properties":{"source":"cwfis","country":"US","agency":"LA","sensor":"VIIRS-I · NOAA-21","detected":"2026-10-10T18:38:00Z","intensity":185,"area_ha":null,"level":0}},{"type":"Feature","geometry":{"type":"Point","coordinates":[-98.7922,31.2499]},"properties":{"source":"cwfis","country":"US","agency":"TX","sensor":"VIIRS-I · NOAA-21","detected":"2026-10-10T18:38:00Z","intensity":1272,"area_ha":null,"level":0}},{"type":"Feature","geometry":{"type":"Point","coordinates":[-92.9047,30.4342]},"properties":{"source":"cwfis","country":"US","agency":"LA","sensor":"VIIRS-I · NOAA-21","detected":"2026-10-10T18:38:00Z","intensity":0,"area_ha":null,"level":0}},{"type":"Feature","geometry":{"type":"Point","coordinates":[-93.1093,29.9661]},"properties":{"source":"cwfis","country":"US","agency":"LA","sensor":"VIIRS-I · NOAA-21","detected":"2026-10-10T18:38:00Z","intensity":0,"area_ha":null,"level":0}},{"type":"Feature","geometry":{"type":"Point","coordinates":[-95.2725,32.4277]},"properties":{"source":"cwfis","country":"US","agency":"TX","sensor":"VIIRS-I · NOAA-21","detected":"2026-10-10T18:38:00Z","intensity":472,"area_ha":null,"level":0}},{"type":"Feature","geometry":{"type":"Point","coordinates":[-94.7815,31.5965]},"properties":{"source":"cwfis","country":"US","agency":"TX","sensor":"VIIRS-I · NOAA-21","detected":"2026-10-10T18:38:00Z","intensity":4950,"area_ha":null,"level":1}},{"type":"Feature","geometry":{"type":"Point","coordinates":[-94.7776,31.5975]},"properties":{"source":"cwfis","country":"US","agency":"TX","sensor":"VIIRS-I · NOAA-21","detected":"2026-10-10T18:38:00Z","intensity":5160,"area_ha":null,"level":1}},{"type":"Feature","geometry":{"type":"Point","coordinates":[-90.8896,31.1666]},"properties":{"source":"cwfis","country":"US","agency":"MS","sensor":"VIIRS-I · NOAA-21","detected":"2026-10-10T18:38:00Z","intensity":6106,"area_ha":null,"level":1}},{"type":"Feature","geometry":{"type":"Point","coordinates":[-94.7831,31.6018]},"properties":{"source":"cwfis","country":"US","agency":"TX","sensor":"VIIRS-I · NOAA-21","detected":"2026-10-10T18:38:00Z","intensity":4462,"area_ha":null,"level":1}},{"type":"Feature","geometry":{"type":"Point","coordinates":[-94.7792,31.6028]},"properties":{"source":"cwfis","country":"US","agency":"TX","sensor":"VIIRS-I · NOAA-21","detected":"2026-10-10T18:38:00Z","intensity":3982,"area_ha":null,"level":1}},{"type":"Feature","geometry":{"type":"Point","coordinates":[-93.2567,31.3806]},"properties":{"source":"cwfis","country":"US","agency":"LA","sensor":"VIIRS-I · NOAA-21","detected":"2026-10-10T18:38:00Z","intensity":524,"area_ha":null,"level":0}},{"type":"Feature","geometry":{"type":"Point","coordinates":[-90.8847,31.1677]},"properties":{"source":"cwfis","country":"US","agency":"MS","sensor":"VIIRS-I · NOAA-21","detected":"2026-10-10T18:38:00Z","intensity":2903,"area_ha":null,"level":1}},{"type":"Feature","geometry":{"type":"Point","coordinates":[-97.0604,31.7442]},"properties":{"source":"cwfis","country":"US","agency":"TX","sensor":"VIIRS-I · NOAA-21","detected":"2026-10-10T18:38:00Z","intensity":0,"area_ha":null,"level":0}},{"type":"Feature","geometry":{"type":"Point","coordinates":[-93.9372,29.9869]},"properties":{"source":"cwfis","country":"US","agency":"TX","sensor":"VIIRS-I · NOAA-21","detected":"2026-10-10T18:38:00Z","intensity":0,"area_ha":null,"level":0}},{"type":"Feature","geometry":{"type":"Point","coordinates":[-92.2822,29.5461]},"properties":{"source":"cwfis","country":"US","agency":"LA","sensor":"VIIRS-I · NOAA-21","detected":"2026-10-10T18:38:00Z","intensity":0,"area_ha":null,"level":0}},{"type":"Feature","geometry":{"type":"Point","coordinates":[-92.2699,29.5489]},"properties":{"source":"cwfis","country":"US","agency":"LA","sensor":"VIIRS-I · NOAA-21","detected":"2026-10-10T18:38:00Z","intensity":0,"area_ha":null,"level":0}},{"type":"Feature","geometry":{"type":"Point","coordinates":[-94.4595,29.8961]},"properties":{"source":"cwfis","country":"US","agency":"TX","sensor":"VIIRS-I · NOAA-21","detected":"2026-10-10T18:38:00Z","intensity":0,"area_ha":null,"level":0}},{"type":"Feature","geometry":{"type":"Point","coordinates":[-93.2535,31.3814]},"properties":{"source":"cwfis","country":"US","agency":"LA","sensor":"VIIRS-I · NOAA-21","detected":"2026-10-10T18:38:00Z","intensity":4610,"area_ha":null,"level":1}},{"type":"Feature","geometry":{"type":"Point","coordinates":[-91.7896,30.8682]},"properties":{"source":"cwfis","country":"US","agency":"LA","sensor":"VIIRS-I · NOAA-21","detected":"2026-10-10T18:38:00Z","intensity":349,"area_ha":null,"level":0}},{"type":"Feature","geometry":{"type":"Point","coordinates":[-96.0864,31.5346]},"properties":{"source":"cwfis","country":"US","agency":"TX","sensor":"VIIRS-I · NOAA-21","detected":"2026-10-10T18:38:00Z","intensity":215,"area_ha":null,"level":0}},{"type":"Feature","geometry":{"type":"Point","coordinates":[-96.091,31.5334]},"properties":{"source":"cwfis","country":"US","agency":"TX","sensor":"VIIRS-I · NOAA-21","detected":"2026-10-10T18:38:00Z","intensity":157,"area_ha":null,"level":0}},{"type":"Feature","geometry":{"type":"Point","coordinates":[-92.8417,30.2381]},"properties":{"source":"cwfis","country":"US","agency":"LA","sensor":"VIIRS-I · NOAA-21","detected":"2026-10-10T18:38:00Z","intensity":1443,"area_ha":null,"level":0}},{"type":"Feature","geometry":{"type":"Point","coordinates":[-92.8449,30.2374]},"properties":{"source":"cwfis","country":"US","agency":"LA","sensor":"VIIRS-I · NOAA-21","detected":"2026-10-10T18:38:00Z","intensity":4137,"area_ha":null,"level":1}},{"type":"Feature","geometry":{"type":"Point","coordinates":[-97.1775,31.7316]},"properties":{"source":"cwfis","country":"US","agency":"TX","sensor":"VIIRS-I · NOAA-21","detected":"2026-10-10T18:38:00Z","intensity":0,"area_ha":null,"level":0}},{"type":"Feature","geometry":{"type":"Point","coordinates":[-98.4077,31.2771]},"properties":{"source":"cwfis","country":"US","agency":"TX","sensor":"VIIRS-I · NOAA-21","detected":"2026-10-10T18:38:00Z","intensity":0,"area_ha":null,"level":0}},{"type":"Feature","geometry":{"type":"Point","coordinates":[-99.0618,30.3758]},"properties":{"source":"cwfis","country":"US","agency":"TX","sensor":"VIIRS-I · NOAA-21","detected":"2026-10-10T18:38:00Z","intensity":0,"area_ha":null,"level":0}},{"type":"Feature","geometry":{"type":"Point","coordinates":[-98.1071,30.8193]},"properties":{"source":"cwfis","country":"US","agency":"TX","sensor":"VIIRS-I · NOAA-21","detected":"2026-10-10T18:38:00Z","intensity":0,"area_ha":null,"level":0}},{"type":"Feature","geometry":{"type":"Point","coordinates":[-95.6644,32.8249]},"properties":{"source":"cwfis","country":"US","agency":"TX","sensor":"VIIRS-I · NOAA-21","detected":"2026-10-10T18:38:00Z","intensity":740,"area_ha":null,"level":0}},{"type":"Feature","geometry":{"type":"Point","coordinates":[-90.191,31.0899]},"properties":{"source":"cwfis","country":"US","agency":"MS","sensor":"VIIRS-I · NOAA-21","detected":"2026-10-10T18:38:00Z","intensity":3187,"area_ha":null,"level":1}},{"type":"Feature","geometry":{"type":"Point","coordinates":[-81.923,28.7511]},"properties":{"source":"cwfis","country":"US","agency":"FL","sensor":"VIIRS-I · NOAA-21","detected":"2026-10-10T18:38:00Z","intensity":89,"area_ha":null,"level":0}},{"type":"Feature","geometry":{"type":"Point","coordinates":[-92.3218,32.5482]},"properties":{"source":"cwfis","country":"US","agency":"LA","sensor":"VIIRS-I · NOAA-21","detected":"2026-10-10T18:38:00Z","intensity":1390,"area_ha":null,"level":0}},{"type":"Feature","geometry":{"type":"Point","coordinates":[-85.499,33.3125]},"properties":{"source":"cwfis","country":"US","agency":"AL","sensor":"VIIRS-I · NOAA-21","detected":"2026-10-10T18:38:00Z","intensity":0,"area_ha":null,"level":0}},{"type":"Feature","geometry":{"type":"Point","coordinates":[-84.7314,33.1973]},"properties":{"source":"cwfis","country":"US","agency":"GA","sensor":"VIIRS-I · NOAA-21","detected":"2026-10-10T18:38:00Z","intensity":4,"area_ha":null,"level":0}},{"type":"Feature","geometry":{"type":"Point","coordinates":[-94.6159,31.5946]},"properties":{"source":"cwfis","country":"US","agency":"TX","sensor":"VIIRS-I · NOAA-21","detected":"2026-10-10T18:38:00Z","intensity":1059,"area_ha":null,"level":0}},{"type":"Feature","geometry":{"type":"Point","coordinates":[-93.8465,39.503]},"properties":{"source":"cwfis","country":"US","agency":"MO","sensor":"VIIRS-I · NOAA-21","detected":"2026-10-10T18:41:00Z","intensity":1304,"area_ha":null,"level":0}},{"type":"Feature","geometry":{"type":"Point","coordinates":[-97.2656,37.1497]},"properties":{"source":"cwfis","country":"US","agency":"KS","sensor":"VIIRS-I · NOAA-21","detected":"2026-10-10T18:41:00Z","intensity":2466,"area_ha":null,"level":1}},{"type":"Feature","geometry":{"type":"Point","coordinates":[-95.993,40.8965]},"properties":{"source":"cwfis","country":"US","agency":"NE","sensor":"VIIRS-I · NOAA-21","detected":"2026-10-10T18:41:00Z","intensity":1872,"area_ha":null,"level":0}},{"type":"Feature","geometry":{"type":"Point","coordinates":[-95.9886,40.9024]},"properties":{"source":"cwfis","country":"US","agency":"NE","sensor":"VIIRS-I · NOAA-21","detected":"2026-10-10T18:41:00Z","intensity":1872,"area_ha":null,"level":0}},{"type":"Feature","geometry":{"type":"Point","coordinates":[-95.9948,40.901]},"properties":{"source":"cwfis","country":"US","agency":"NE","sensor":"VIIRS-I · NOAA-21","detected":"2026-10-10T18:41:00Z","intensity":2151,"area_ha":null,"level":1}},{"type":"Feature","geometry":{"type":"Point","coordinates":[-97.8557,40.3698]},"properties":{"source":"cwfis","country":"US","agency":"NE","sensor":"VIIRS-I · NOAA-21","detected":"2026-10-10T18:41:00Z","intensity":2375,"area_ha":null,"level":1}},{"type":"Feature","geometry":{"type":"Point","coordinates":[-97.8595,40.3688]},"properties":{"source":"cwfis","country":"US","agency":"NE","sensor":"VIIRS-I · NOAA-21","detected":"2026-10-10T18:41:00Z","intensity":2274,"area_ha":null,"level":1}},{"type":"Feature","geometry":{"type":"Point","coordinates":[-95.1495,36.3913]},"properties":{"source":"cwfis","country":"US","agency":"OK","sensor":"VIIRS-I · NOAA-21","detected":"2026-10-10T18:41:00Z","intensity":9718,"area_ha":null,"level":1}},{"type":"Feature","geometry":{"type":"Point","coordinates":[-96.3169,35.0455]},"properties":{"source":"cwfis","country":"US","agency":"OK","sensor":"VIIRS-I · NOAA-21","detected":"2026-10-10T18:41:00Z","intensity":0,"area_ha":null,"level":0}},{"type":"Feature","geometry":{"type":"Point","coordinates":[-95.1433,36.4137]},"properties":{"source":"cwfis","country":"US","agency":"OK","sensor":"VIIRS-I · NOAA-21","detected":"2026-10-10T18:41:00Z","intensity":364,"area_ha":null,"level":0}},{"type":"Feature","geometry":{"type":"Point","coordinates":[-96.5965,35.5633]},"properties":{"source":"cwfis","country":"US","agency":"OK","sensor":"VIIRS-I · NOAA-21","detected":"2026-10-10T18:41:00Z","intensity":0,"area_ha":null,"level":0}},{"type":"Feature","geometry":{"type":"Point","coordinates":[-93.848,39.5072]},"properties":{"source":"cwfis","country":"US","agency":"MO","sensor":"VIIRS-I · NOAA-21","detected":"2026-10-10T18:41:00Z","intensity":0,"area_ha":null,"level":0}},{"type":"Feature","geometry":{"type":"Point","coordinates":[-97.2698,37.1486]},"properties":{"source":"cwfis","country":"US","agency":"KS","sensor":"VIIRS-I · NOAA-21","detected":"2026-10-10T18:41:00Z","intensity":0,"area_ha":null,"level":0}},{"type":"Feature","geometry":{"type":"Point","coordinates":[-96.6006,35.5622]},"properties":{"source":"cwfis","country":"US","agency":"OK","sensor":"VIIRS-I · NOAA-21","detected":"2026-10-10T18:41:00Z","intensity":0,"area_ha":null,"level":0}},{"type":"Feature","geometry":{"type":"Point","coordinates":[-87.62,46.594]},"properties":{"source":"cwfis","country":"US","agency":"MI","sensor":"VIIRS-I · NOAA-21","detected":"2026-10-10T18:41:00Z","intensity":6102,"area_ha":null,"level":1}},{"type":"Feature","geometry":{"type":"Point","coordinates":[-96.1291,33.7726]},"properties":{"source":"cwfis","country":"US","agency":"TX","sensor":"VIIRS-I · NOAA-21","detected":"2026-10-10T18:41:00Z","intensity":322,"area_ha":null,"level":0}},{"type":"Feature","geometry":{"type":"Point","coordinates":[-97.3846,34.6982]},"properties":{"source":"cwfis","country":"US","agency":"OK","sensor":"VIIRS-I · NOAA-21","detected":"2026-10-10T18:41:00Z","intensity":0,"area_ha":null,"level":0}},{"type":"Feature","geometry":{"type":"Point","coordinates":[-96.8087,36.4499]},"properties":{"source":"cwfis","country":"US","agency":"OK","sensor":"VIIRS-I · NOAA-21","detected":"2026-10-10T18:41:00Z","intensity":0,"area_ha":null,"level":0}},{"type":"Feature","geometry":{"type":"Point","coordinates":[-93.1961,39.3707]},"properties":{"source":"cwfis","country":"US","agency":"MO","sensor":"VIIRS-I · NOAA-21","detected":"2026-10-10T18:41:00Z","intensity":366,"area_ha":null,"level":0}},{"type":"Feature","geometry":{"type":"Point","coordinates":[-93.2141,39.8932]},"properties":{"source":"cwfis","country":"US","agency":"MO","sensor":"VIIRS-I · NOAA-21","detected":"2026-10-10T18:41:00Z","intensity":0,"area_ha":null,"level":0}},{"type":"Feature","geometry":{"type":"Point","coordinates":[-97.8531,46.706]},"properties":{"source":"cwfis","country":"US","agency":"ND","sensor":"VIIRS-I · NOAA-21","detected":"2026-10-10T18:41:00Z","intensity":0,"area_ha":null,"level":0}},{"type":"Feature","geometry":{"type":"Point","coordinates":[-95.8486,35.9682]},"properties":{"source":"cwfis","country":"US","agency":"OK","sensor":"VIIRS-I · NOAA-21","detected":"2026-10-10T18:41:00Z","intensity":0,"area_ha":null,"level":0}},{"type":"Feature","geometry":{"type":"Point","coordinates":[-87.8863,46.4559]},"properties":{"source":"cwfis","country":"US","agency":"MI","sensor":"VIIRS-I · NOAA-21","detected":"2026-10-10T18:41:00Z","intensity":0,"area_ha":null,"level":0}},{"type":"Feature","geometry":{"type":"Point","coordinates":[-94.5897,39.341]},"properties":{"source":"cwfis","country":"US","agency":"MO","sensor":"VIIRS-I · NOAA-21","detected":"2026-10-10T18:41:00Z","intensity":2318,"area_ha":null,"level":1}},{"type":"Feature","geometry":{"type":"Point","coordinates":[-95.1384,36.4201]},"properties":{"source":"cwfis","country":"US","agency":"OK","sensor":"VIIRS-I · NOAA-21","detected":"2026-10-10T18:41:00Z","intensity":290,"area_ha":null,"level":0}},{"type":"Feature","geometry":{"type":"Point","coordinates":[-94.6443,39.5472]},"properties":{"source":"cwfis","country":"US","agency":"MO","sensor":"VIIRS-I · NOAA-21","detected":"2026-10-10T18:41:00Z","intensity":0,"area_ha":null,"level":0}},{"type":"Feature","geometry":{"type":"Point","coordinates":[-93.2396,38.7252]},"properties":{"source":"cwfis","country":"US","agency":"MO","sensor":"VIIRS-I · NOAA-21","detected":"2026-10-10T18:41:00Z","intensity":0,"area_ha":null,"level":0}},{"type":"Feature","geometry":{"type":"Point","coordinates":[-98.2758,33.4971]},"properties":{"source":"cwfis","country":"US","agency":"TX","sensor":"VIIRS-I · NOAA-21","detected":"2026-10-10T18:41:00Z","intensity":0,"area_ha":null,"level":0}},{"type":"Feature","geometry":{"type":"Point","coordinates":[-99.1224,47.5264]},"properties":{"source":"cwfis","country":"US","agency":"ND","sensor":"VIIRS-I · NOAA-21","detected":"2026-10-10T18:43:00Z","intensity":177,"area_ha":null,"level":0}},{"type":"Feature","geometry":{"type":"Point","coordinates":[-89.8575,43.5373]},"properties":{"source":"cwfis","country":"US","agency":"WI","sensor":"VIIRS-I · NOAA-21","detected":"2026-10-10T18:43:00Z","intensity":201,"area_ha":null,"level":0}},{"type":"Feature","geometry":{"type":"Point","coordinates":[-98.1018,48.494]},"properties":{"source":"cwfis","country":"US","agency":"ND","sensor":"VIIRS-I · NOAA-21","detected":"2026-10-10T18:43:00Z","intensity":255,"area_ha":null,"level":0}},{"type":"Feature","geometry":{"type":"Point","coordinates":[-97.226,49.3733]},"properties":{"source":"cwfis","country":"CA","agency":"MB","sensor":"VIIRS-I · NOAA-21","detected":"2026-10-10T18:43:00Z","intensity":145,"area_ha":null,"level":0}},{"type":"Feature","geometry":{"type":"Point","coordinates":[-97.4564,49.2093]},"properties":{"source":"cwfis","country":"CA","agency":"MB","sensor":"VIIRS-I · NOAA-21","detected":"2026-10-10T18:43:00Z","intensity":186,"area_ha":null,"level":0}},{"type":"Feature","geometry":{"type":"Point","coordinates":[-97.4513,49.2105]},"properties":{"source":"cwfis","country":"CA","agency":"MB","sensor":"VIIRS-I · NOAA-21","detected":"2026-10-10T18:43:00Z","intensity":186,"area_ha":null,"level":0}},{"type":"Feature","geometry":{"type":"Point","coordinates":[-97.2354,49.3754]},"properties":{"source":"cwfis","country":"CA","agency":"MB","sensor":"VIIRS-I · NOAA-21","detected":"2026-10-10T18:43:00Z","intensity":768,"area_ha":null,"level":0}},{"type":"Feature","geometry":{"type":"Point","coordinates":[-97.2334,49.3717]},"properties":{"source":"cwfis","country":"CA","agency":"MB","sensor":"VIIRS-I · NOAA-21","detected":"2026-10-10T18:43:00Z","intensity":145,"area_ha":null,"level":0}},{"type":"Feature","geometry":{"type":"Point","coordinates":[-97.4581,49.2196]},"properties":{"source":"cwfis","country":"CA","agency":"MB","sensor":"VIIRS-I · NOAA-21","detected":"2026-10-10T18:43:00Z","intensity":186,"area_ha":null,"level":0}},{"type":"Feature","geometry":{"type":"Point","coordinates":[-97.453,49.2208]},"properties":{"source":"cwfis","country":"CA","agency":"MB","sensor":"VIIRS-I · NOAA-21","detected":"2026-10-10T18:43:00Z","intensity":186,"area_ha":null,"level":0}},{"type":"Feature","geometry":{"type":"Point","coordinates":[-97.4611,49.2146]},"properties":{"source":"cwfis","country":"CA","agency":"MB","sensor":"VIIRS-I · NOAA-21","detected":"2026-10-10T18:43:00Z","intensity":186,"area_ha":null,"level":0}},{"type":"Feature","geometry":{"type":"Point","coordinates":[-97.4561,49.2158]},"properties":{"source":"cwfis","country":"CA","agency":"MB","sensor":"VIIRS-I · NOAA-21","detected":"2026-10-10T18:43:00Z","intensity":186,"area_ha":null,"level":0}},{"type":"Feature","geometry":{"type":"Point","coordinates":[-97.9873,47.9535]},"properties":{"source":"cwfis","country":"US","agency":"ND","sensor":"VIIRS-I · NOAA-21","detected":"2026-10-10T18:43:00Z","intensity":0,"area_ha":null,"level":0}},{"type":"Feature","geometry":{"type":"Point","coordinates":[-98.0247,42.6096]},"properties":{"source":"cwfis","country":"US","agency":"NE","sensor":"VIIRS-I · NOAA-21","detected":"2026-10-10T18:43:00Z","intensity":0,"area_ha":null,"level":0}},{"type":"Feature","geometry":{"type":"Point","coordinates":[-97.9817,47.9548]},"properties":{"source":"cwfis","country":"US","agency":"ND","sensor":"VIIRS-I · NOAA-21","detected":"2026-10-10T18:43:00Z","intensity":0,"area_ha":null,"level":0}},{"type":"Feature","geometry":{"type":"Point","coordinates":[-98.56,48.5212]},"properties":{"source":"cwfis","country":"US","agency":"ND","sensor":"VIIRS-I · NOAA-21","detected":"2026-10-10T18:43:00Z","intensity":174,"area_ha":null,"level":0}},{"type":"Feature","geometry":{"type":"Point","coordinates":[-98.5578,48.5172]},"properties":{"source":"cwfis","country":"US","agency":"ND","sensor":"VIIRS-I · NOAA-21","detected":"2026-10-10T18:43:00Z","intensity":106,"area_ha":null,"level":0}},{"type":"Feature","geometry":{"type":"Point","coordinates":[-98.332,48.9809]},"properties":{"source":"cwfis","country":"US","agency":"ND","sensor":"VIIRS-I · NOAA-21","detected":"2026-10-10T18:43:00Z","intensity":495,"area_ha":null,"level":0}},{"type":"Feature","geometry":{"type":"Point","coordinates":[-100.8571,51.1349]},"properties":{"source":"cwfis","country":"CA","agency":"MB","sensor":"VIIRS-I · NOAA-21","detected":"2026-10-10T18:43:00Z","intensity":498,"area_ha":null,"level":0}},{"type":"Feature","geometry":{"type":"Point","coordinates":[-99.9095,51.1893]},"properties":{"source":"cwfis","country":"CA","agency":"MB","sensor":"VIIRS-I · NOAA-21","detected":"2026-10-10T18:43:00Z","intensity":161,"area_ha":null,"level":0}},{"type":"Feature","geometry":{"type":"Point","coordinates":[-98.9313,49.0378]},"properties":{"source":"cwfis","country":"CA","agency":"MB","sensor":"VIIRS-I · NOAA-21","detected":"2026-10-10T18:43:00Z","intensity":145,"area_ha":null,"level":0}},{"type":"Feature","geometry":{"type":"Point","coordinates":[-99.2747,47.4343]},"properties":{"source":"cwfis","country":"US","agency":"ND","sensor":"VIIRS-I · NOAA-21","detected":"2026-10-10T18:43:00Z","intensity":0,"area_ha":null,"level":0}},{"type":"Feature","geometry":{"type":"Point","coordinates":[-98.9564,47.4813]},"properties":{"source":"cwfis","country":"US","agency":"ND","sensor":"VIIRS-I · NOAA-21","detected":"2026-10-10T18:43:00Z","intensity":0,"area_ha":null,"level":0}},{"type":"Feature","geometry":{"type":"Point","coordinates":[-98.9539,47.4785]},"properties":{"source":"cwfis","country":"US","agency":"ND","sensor":"VIIRS-I · NOAA-21","detected":"2026-10-10T18:43:00Z","intensity":0,"area_ha":null,"level":0}},{"type":"Feature","geometry":{"type":"Point","coordinates":[-98.2389,48.2936]},"properties":{"source":"cwfis","country":"US","agency":"ND","sensor":"VIIRS-I · NOAA-21","detected":"2026-10-10T18:43:00Z","intensity":0,"area_ha":null,"level":0}},{"type":"Feature","geometry":{"type":"Point","coordinates":[-98.2368,48.2896]},"properties":{"source":"cwfis","country":"US","agency":"ND","sensor":"VIIRS-I · NOAA-21","detected":"2026-10-10T18:43:00Z","intensity":0,"area_ha":null,"level":0}},{"type":"Feature","geometry":{"type":"Point","coordinates":[-98.2312,48.2909]},"properties":{"source":"cwfis","country":"US","agency":"ND","sensor":"VIIRS-I · NOAA-21","detected":"2026-10-10T18:43:00Z","intensity":0,"area_ha":null,"level":0}},{"type":"Feature","geometry":{"type":"Point","coordinates":[-100.8509,51.133]},"properties":{"source":"cwfis","country":"CA","agency":"MB","sensor":"VIIRS-I · NOAA-21","detected":"2026-10-10T18:43:00Z","intensity":0,"area_ha":null,"level":0}},{"type":"Feature","geometry":{"type":"Point","coordinates":[-100.5713,50.6799]},"properties":{"source":"cwfis","country":"CA","agency":"MB","sensor":"VIIRS-I · NOAA-21","detected":"2026-10-10T18:43:00Z","intensity":0,"area_ha":null,"level":0}},{"type":"Feature","geometry":{"type":"Point","coordinates":[-100.565,50.6814]},"properties":{"source":"cwfis","country":"CA","agency":"MB","sensor":"VIIRS-I · NOAA-21","detected":"2026-10-10T18:43:00Z","intensity":0,"area_ha":null,"level":0}},{"type":"Feature","geometry":{"type":"Point","coordinates":[-88.3757,44.9946]},"properties":{"source":"cwfis","country":"US","agency":"WI","sensor":"VIIRS-I · NOAA-21","detected":"2026-10-10T18:43:00Z","intensity":2245,"area_ha":null,"level":1}},{"type":"Feature","geometry":{"type":"Point","coordinates":[-97.2417,42.3167]},"properties":{"source":"cwfis","country":"US","agency":"NE","sensor":"VIIRS-I · NOAA-21","detected":"2026-10-10T18:43:00Z","intensity":2408,"area_ha":null,"level":1}},{"type":"Feature","geometry":{"type":"Point","coordinates":[-97.2352,42.3183]},"properties":{"source":"cwfis","country":"US","agency":"NE","sensor":"VIIRS-I · NOAA-21","detected":"2026-10-10T18:43:00Z","intensity":2582,"area_ha":null,"level":1}},{"type":"Feature","geometry":{"type":"Point","coordinates":[-97.2397,42.3121]},"properties":{"source":"cwfis","country":"US","agency":"NE","sensor":"VIIRS-I · NOAA-21","detected":"2026-10-10T18:43:00Z","intensity":2408,"area_ha":null,"level":1}},{"type":"Feature","geometry":{"type":"Point","coordinates":[-97.1391,42.1891]},"properties":{"source":"cwfis","country":"US","agency":"NE","sensor":"VIIRS-I · NOAA-21","detected":"2026-10-10T18:43:00Z","intensity":2412,"area_ha":null,"level":1}},{"type":"Feature","geometry":{"type":"Point","coordinates":[-98.5757,49.3201]},"properties":{"source":"cwfis","country":"CA","agency":"MB","sensor":"VIIRS-I · NOAA-21","detected":"2026-10-10T18:43:00Z","intensity":367,"area_ha":null,"level":0}},{"type":"Feature","geometry":{"type":"Point","coordinates":[-98.3649,49.3437]},"properties":{"source":"cwfis","country":"CA","agency":"MB","sensor":"VIIRS-I · NOAA-21","detected":"2026-10-10T18:43:00Z","intensity":945,"area_ha":null,"level":0}},{"type":"Feature","geometry":{"type":"Point","coordinates":[-98.1085,49.816]},"properties":{"source":"cwfis","country":"CA","agency":"MB","sensor":"VIIRS-I · NOAA-21","detected":"2026-10-10T18:43:00Z","intensity":47,"area_ha":null,"level":0}},{"type":"Feature","geometry":{"type":"Point","coordinates":[-97.449,49.2131]},"properties":{"source":"cwfis","country":"CA","agency":"MB","sensor":"VIIRS-I · NOAA-21","detected":"2026-10-10T18:43:00Z","intensity":186,"area_ha":null,"level":0}},{"type":"Feature","geometry":{"type":"Point","coordinates":[-97.4439,49.2143]},"properties":{"source":"cwfis","country":"CA","agency":"MB","sensor":"VIIRS-I · NOAA-21","detected":"2026-10-10T18:43:00Z","intensity":163,"area_ha":null,"level":0}},{"type":"Feature","geometry":{"type":"Point","coordinates":[-97.451,49.217]},"properties":{"source":"cwfis","country":"CA","agency":"MB","sensor":"VIIRS-I · NOAA-21","detected":"2026-10-10T18:43:00Z","intensity":186,"area_ha":null,"level":0}},{"type":"Feature","geometry":{"type":"Point","coordinates":[-100.8535,51.1371]},"properties":{"source":"cwfis","country":"CA","agency":"MB","sensor":"VIIRS-I · NOAA-21","detected":"2026-10-10T18:43:00Z","intensity":0,"area_ha":null,"level":0}},{"type":"Feature","geometry":{"type":"Point","coordinates":[-101.925,50.0204]},"properties":{"source":"cwfis","country":"CA","agency":"SK","sensor":"VIIRS-I · NOAA-21","detected":"2026-10-10T18:43:00Z","intensity":335,"area_ha":null,"level":0}},{"type":"Feature","geometry":{"type":"Point","coordinates":[-100.8571,51.1314]},"properties":{"source":"cwfis","country":"CA","agency":"MB","sensor":"VIIRS-I · NOAA-21","detected":"2026-10-10T18:43:00Z","intensity":498,"area_ha":null,"level":0}},{"type":"Feature","geometry":{"type":"Point","coordinates":[-97.4013,50.1406]},"properties":{"source":"cwfis","country":"CA","agency":"MB","sensor":"VIIRS-I · NOAA-21","detected":"2026-10-10T18:43:00Z","intensity":146,"area_ha":null,"level":0}},{"type":"Feature","geometry":{"type":"Point","coordinates":[-124.7539,55.4825]},"properties":{"source":"cwfis","country":"CA","agency":"BC","sensor":"SLSTR · S3B","detected":"2026-10-10T18:54:44Z","intensity":0,"area_ha":null,"level":0}},{"type":"Feature","geometry":{"type":"Point","coordinates":[-124.7388,55.4775]},"properties":{"source":"cwfis","country":"CA","agency":"BC","sensor":"SLSTR · S3B","detected":"2026-10-10T18:54:44Z","intensity":0,"area_ha":null,"level":0}},{"type":"Feature","geometry":{"type":"Point","coordinates":[-124.769,55.4875]},"properties":{"source":"cwfis","country":"CA","agency":"BC","sensor":"SLSTR · S3B","detected":"2026-10-10T18:54:44Z","intensity":0,"area_ha":null,"level":0}},{"type":"Feature","geometry":{"type":"Point","coordinates":[-124.7841,55.4925]},"properties":{"source":"cwfis","country":"CA","agency":"BC","sensor":"SLSTR · S3B","detected":"2026-10-10T18:54:44Z","intensity":0,"area_ha":null,"level":0}},{"type":"Feature","geometry":{"type":"Point","coordinates":[-124.7445,55.4697]},"properties":{"source":"cwfis","country":"CA","agency":"BC","sensor":"SLSTR · S3B","detected":"2026-10-10T18:54:45Z","intensity":0,"area_ha":null,"level":0}},{"type":"Feature","geometry":{"type":"Point","coordinates":[-124.7618,55.4651]},"properties":{"source":"cwfis","country":"CA","agency":"BC","sensor":"SLSTR · S3B","detected":"2026-10-10T18:54:45Z","intensity":0,"area_ha":null,"level":0}},{"type":"Feature","geometry":{"type":"Point","coordinates":[-124.7595,55.4747]},"properties":{"source":"cwfis","country":"CA","agency":"BC","sensor":"SLSTR · S3B","detected":"2026-10-10T18:54:45Z","intensity":0,"area_ha":null,"level":0}},{"type":"Feature","geometry":{"type":"Point","coordinates":[-124.7746,55.4797]},"properties":{"source":"cwfis","country":"CA","agency":"BC","sensor":"SLSTR · S3B","detected":"2026-10-10T18:54:45Z","intensity":0,"area_ha":null,"level":0}},{"type":"Feature","geometry":{"type":"Point","coordinates":[-124.7827,55.4623]},"properties":{"source":"cwfis","country":"CA","agency":"BC","sensor":"SLSTR · S3B","detected":"2026-10-10T18:54:45Z","intensity":0,"area_ha":null,"level":0}},{"type":"Feature","geometry":{"type":"Point","coordinates":[-124.7291,55.4647]},"properties":{"source":"cwfis","country":"CA","agency":"BC","sensor":"SLSTR · S3B","detected":"2026-10-10T18:54:45Z","intensity":0,"area_ha":null,"level":0}},{"type":"Feature","geometry":{"type":"Point","coordinates":[-126.7862,55.1811]},"properties":{"source":"cwfis","country":"CA","agency":"BC","sensor":"SLSTR · S3B","detected":"2026-10-10T18:55:00Z","intensity":0,"area_ha":null,"level":0}},{"type":"Feature","geometry":{"type":"Point","coordinates":[-126.771,55.1748]},"properties":{"source":"cwfis","country":"CA","agency":"BC","sensor":"SLSTR · S3B","detected":"2026-10-10T18:55:00Z","intensity":0,"area_ha":null,"level":0}},{"type":"Feature","geometry":{"type":"Point","coordinates":[-126.7702,55.1849]},"properties":{"source":"cwfis","country":"CA","agency":"BC","sensor":"SLSTR · S3B","detected":"2026-10-10T18:55:00Z","intensity":0,"area_ha":null,"level":0}},{"type":"Feature","geometry":{"type":"Point","coordinates":[-126.7536,55.1683]},"properties":{"source":"cwfis","country":"CA","agency":"BC","sensor":"SLSTR · S3B","detected":"2026-10-10T18:55:00Z","intensity":0,"area_ha":null,"level":0}},{"type":"Feature","geometry":{"type":"Point","coordinates":[-126.8017,55.1874]},"properties":{"source":"cwfis","country":"CA","agency":"BC","sensor":"SLSTR · S3B","detected":"2026-10-10T18:55:00Z","intensity":0,"area_ha":null,"level":0}},{"type":"Feature","geometry":{"type":"Point","coordinates":[-126.6845,54.8485]},"properties":{"source":"cwfis","country":"CA","agency":"BC","sensor":"SLSTR · S3B","detected":"2026-10-10T18:55:04Z","intensity":0,"area_ha":null,"level":0}},{"type":"Feature","geometry":{"type":"Point","coordinates":[-126.6541,54.8362]},"properties":{"source":"cwfis","country":"CA","agency":"BC","sensor":"SLSTR · S3B","detected":"2026-10-10T18:55:04Z","intensity":0,"area_ha":null,"level":0}},{"type":"Feature","geometry":{"type":"Point","coordinates":[-126.6696,54.8424]},"properties":{"source":"cwfis","country":"CA","agency":"BC","sensor":"SLSTR · S3B","detected":"2026-10-10T18:55:04Z","intensity":0,"area_ha":null,"level":0}},{"type":"Feature","geometry":{"type":"Point","coordinates":[-126.6841,54.8383]},"properties":{"source":"cwfis","country":"CA","agency":"BC","sensor":"SLSTR · S3B","detected":"2026-10-10T18:55:04Z","intensity":0,"area_ha":null,"level":0}},{"type":"Feature","geometry":{"type":"Point","coordinates":[-126.0292,54.5785]},"properties":{"source":"cwfis","country":"CA","agency":"BC","sensor":"SLSTR · S3B","detected":"2026-10-10T18:55:05Z","intensity":0,"area_ha":null,"level":0}},{"type":"Feature","geometry":{"type":"Point","coordinates":[-126.0443,54.5841]},"properties":{"source":"cwfis","country":"CA","agency":"BC","sensor":"SLSTR · S3B","detected":"2026-10-10T18:55:05Z","intensity":0,"area_ha":null,"level":0}},{"type":"Feature","geometry":{"type":"Point","coordinates":[-126.0607,54.5798]},"properties":{"source":"cwfis","country":"CA","agency":"BC","sensor":"SLSTR · S3B","detected":"2026-10-10T18:55:05Z","intensity":0,"area_ha":null,"level":0}},{"type":"Feature","geometry":{"type":"Point","coordinates":[-126.0003,54.5575]},"properties":{"source":"cwfis","country":"CA","agency":"BC","sensor":"SLSTR · S3B","detected":"2026-10-10T18:55:05Z","intensity":0,"area_ha":null,"level":0}},{"type":"Feature","geometry":{"type":"Point","coordinates":[-126.0211,54.5555]},"properties":{"source":"cwfis","country":"CA","agency":"BC","sensor":"SLSTR · S3B","detected":"2026-10-10T18:55:05Z","intensity":0,"area_ha":null,"level":0}},{"type":"Feature","geometry":{"type":"Point","coordinates":[-126.0304,54.5686]},"properties":{"source":"cwfis","country":"CA","agency":"BC","sensor":"SLSTR · S3B","detected":"2026-10-10T18:55:05Z","intensity":0,"area_ha":null,"level":0}},{"type":"Feature","geometry":{"type":"Point","coordinates":[-126.0597,54.5897]},"properties":{"source":"cwfis","country":"CA","agency":"BC","sensor":"SLSTR · S3B","detected":"2026-10-10T18:55:05Z","intensity":0,"area_ha":null,"level":0}},{"type":"Feature","geometry":{"type":"Point","coordinates":[-125.999,54.5673]},"properties":{"source":"cwfis","country":"CA","agency":"BC","sensor":"SLSTR · S3B","detected":"2026-10-10T18:55:05Z","intensity":0,"area_ha":null,"level":0}},{"type":"Feature","geometry":{"type":"Point","coordinates":[-126.0154,54.5631]},"properties":{"source":"cwfis","country":"CA","agency":"BC","sensor":"SLSTR · S3B","detected":"2026-10-10T18:55:05Z","intensity":0,"area_ha":null,"level":0}},{"type":"Feature","geometry":{"type":"Point","coordinates":[-126.0454,54.5742]},"properties":{"source":"cwfis","country":"CA","agency":"BC","sensor":"SLSTR · S3B","detected":"2026-10-10T18:55:05Z","intensity":0,"area_ha":null,"level":0}},{"type":"Feature","geometry":{"type":"Point","coordinates":[-126.4246,54.596]},"properties":{"source":"cwfis","country":"CA","agency":"BC","sensor":"SLSTR · S3B","detected":"2026-10-10T18:55:06Z","intensity":0,"area_ha":null,"level":0}},{"type":"Feature","geometry":{"type":"Point","coordinates":[-126.4399,54.6019]},"properties":{"source":"cwfis","country":"CA","agency":"BC","sensor":"SLSTR · S3B","detected":"2026-10-10T18:55:06Z","intensity":0,"area_ha":null,"level":0}},{"type":"Feature","geometry":{"type":"Point","coordinates":[-126.394,54.5843]},"properties":{"source":"cwfis","country":"CA","agency":"BC","sensor":"SLSTR · S3B","detected":"2026-10-10T18:55:06Z","intensity":0,"area_ha":null,"level":0}},{"type":"Feature","geometry":{"type":"Point","coordinates":[-126.4092,54.5901]},"properties":{"source":"cwfis","country":"CA","agency":"BC","sensor":"SLSTR · S3B","detected":"2026-10-10T18:55:06Z","intensity":0,"area_ha":null,"level":0}},{"type":"Feature","geometry":{"type":"Point","coordinates":[-126.4459,54.5944]},"properties":{"source":"cwfis","country":"CA","agency":"BC","sensor":"SLSTR · S3B","detected":"2026-10-10T18:55:07Z","intensity":0,"area_ha":null,"level":0}},{"type":"Feature","geometry":{"type":"Point","coordinates":[-126.4612,54.6003]},"properties":{"source":"cwfis","country":"CA","agency":"BC","sensor":"SLSTR · S3B","detected":"2026-10-10T18:55:07Z","intensity":0,"area_ha":null,"level":0}},{"type":"Feature","geometry":{"type":"Point","coordinates":[-126.4306,54.5885]},"properties":{"source":"cwfis","country":"CA","agency":"BC","sensor":"SLSTR · S3B","detected":"2026-10-10T18:55:07Z","intensity":0,"area_ha":null,"level":0}},{"type":"Feature","geometry":{"type":"Point","coordinates":[-126.4001,54.5768]},"properties":{"source":"cwfis","country":"CA","agency":"BC","sensor":"SLSTR · S3B","detected":"2026-10-10T18:55:07Z","intensity":0,"area_ha":null,"level":0}},{"type":"Feature","geometry":{"type":"Point","coordinates":[-126.4154,54.5827]},"properties":{"source":"cwfis","country":"CA","agency":"BC","sensor":"SLSTR · S3B","detected":"2026-10-10T18:55:07Z","intensity":0,"area_ha":null,"level":0}},{"type":"Feature","geometry":{"type":"Point","coordinates":[-126.447,54.5844]},"properties":{"source":"cwfis","country":"CA","agency":"BC","sensor":"SLSTR · S3B","detected":"2026-10-10T18:55:07Z","intensity":0,"area_ha":null,"level":0}},{"type":"Feature","geometry":{"type":"Point","coordinates":[-126.4623,54.5903]},"properties":{"source":"cwfis","country":"CA","agency":"BC","sensor":"SLSTR · S3B","detected":"2026-10-10T18:55:07Z","intensity":0,"area_ha":null,"level":0}},{"type":"Feature","geometry":{"type":"Point","coordinates":[-116.9638,51.4942]},"properties":{"source":"cwfis","country":"CA","agency":"BC","sensor":"SLSTR · S3B","detected":"2026-10-10T18:55:31Z","intensity":4,"area_ha":null,"level":0}},{"type":"Feature","geometry":{"type":"Point","coordinates":[-116.9724,51.4854]},"properties":{"source":"cwfis","country":"CA","agency":"BC","sensor":"SLSTR · S3B","detected":"2026-10-10T18:55:31Z","intensity":1,"area_ha":null,"level":0}},{"type":"Feature","geometry":{"type":"Point","coordinates":[-97.2688,27.9002]},"properties":{"source":"cwfis","country":"US","agency":"TX","sensor":"VIIRS-I · NOAA-20","detected":"2026-10-10T19:33:00Z","intensity":1744,"area_ha":null,"level":0}},{"type":"Feature","geometry":{"type":"Point","coordinates":[-98.4826,26.5597]},"properties":{"source":"cwfis","country":"US","agency":"TX","sensor":"VIIRS-I · NOAA-20","detected":"2026-10-10T19:33:00Z","intensity":0,"area_ha":null,"level":0}},{"type":"Feature","geometry":{"type":"Point","coordinates":[-91.1853,30.1262]},"properties":{"source":"cwfis","country":"US","agency":"LA","sensor":"VIIRS-I · NOAA-20","detected":"2026-10-10T19:34:00Z","intensity":60,"area_ha":null,"level":0}},{"type":"Feature","geometry":{"type":"Point","coordinates":[-91.1859,30.13]},"properties":{"source":"cwfis","country":"US","agency":"LA","sensor":"VIIRS-I · NOAA-20","detected":"2026-10-10T19:34:00Z","intensity":102,"area_ha":null,"level":0}},{"type":"Feature","geometry":{"type":"Point","coordinates":[-91.4589,30.4201]},"properties":{"source":"cwfis","country":"US","agency":"LA","sensor":"VIIRS-I · NOAA-20","detected":"2026-10-10T19:34:00Z","intensity":277,"area_ha":null,"level":0}},{"type":"Feature","geometry":{"type":"Point","coordinates":[-91.5023,30.4078]},"properties":{"source":"cwfis","country":"US","agency":"LA","sensor":"VIIRS-I · NOAA-20","detected":"2026-10-10T19:34:00Z","intensity":129,"area_ha":null,"level":0}},{"type":"Feature","geometry":{"type":"Point","coordinates":[-91.7758,30.4435]},"properties":{"source":"cwfis","country":"US","agency":"LA","sensor":"VIIRS-I · NOAA-20","detected":"2026-10-10T19:34:00Z","intensity":137,"area_ha":null,"level":0}},{"type":"Feature","geometry":{"type":"Point","coordinates":[-90.758,29.7507]},"properties":{"source":"cwfis","country":"US","agency":"LA","sensor":"VIIRS-I · NOAA-20","detected":"2026-10-10T19:34:00Z","intensity":64,"area_ha":null,"level":0}},{"type":"Feature","geometry":{"type":"Point","coordinates":[-91.0018,30.0429]},"properties":{"source":"cwfis","country":"US","agency":"LA","sensor":"VIIRS-I · NOAA-20","detected":"2026-10-10T19:34:00Z","intensity":68,"area_ha":null,"level":0}},{"type":"Feature","geometry":{"type":"Point","coordinates":[-90.67,29.9367]},"properties":{"source":"cwfis","country":"US","agency":"LA","sensor":"VIIRS-I · NOAA-20","detected":"2026-10-10T19:34:00Z","intensity":65,"area_ha":null,"level":0}},{"type":"Feature","geometry":{"type":"Point","coordinates":[-90.5508,30.0221]},"properties":{"source":"cwfis","country":"US","agency":"LA","sensor":"VIIRS-I · NOAA-20","detected":"2026-10-10T19:34:00Z","intensity":587,"area_ha":null,"level":0}},{"type":"Feature","geometry":{"type":"Point","coordinates":[-90.9983,30.0411]},"properties":{"source":"cwfis","country":"US","agency":"LA","sensor":"VIIRS-I · NOAA-20","detected":"2026-10-10T19:34:00Z","intensity":60,"area_ha":null,"level":0}},{"type":"Feature","geometry":{"type":"Point","coordinates":[-91.7603,30.0555]},"properties":{"source":"cwfis","country":"US","agency":"LA","sensor":"VIIRS-I · NOAA-20","detected":"2026-10-10T19:34:00Z","intensity":94,"area_ha":null,"level":0}},{"type":"Feature","geometry":{"type":"Point","coordinates":[-90.8851,30.0483]},"properties":{"source":"cwfis","country":"US","agency":"LA","sensor":"VIIRS-I · NOAA-20","detected":"2026-10-10T19:34:00Z","intensity":163,"area_ha":null,"level":0}},{"type":"Feature","geometry":{"type":"Point","coordinates":[-90.8873,30.0465]},"properties":{"source":"cwfis","country":"US","agency":"LA","sensor":"VIIRS-I · NOAA-20","detected":"2026-10-10T19:34:00Z","intensity":69,"area_ha":null,"level":0}},{"type":"Feature","geometry":{"type":"Point","coordinates":[-91.7235,30.8189]},"properties":{"source":"cwfis","country":"US","agency":"LA","sensor":"VIIRS-I · NOAA-20","detected":"2026-10-10T19:34:00Z","intensity":105,"area_ha":null,"level":0}},{"type":"Feature","geometry":{"type":"Point","coordinates":[-91.7257,30.8162]},"properties":{"source":"cwfis","country":"US","agency":"LA","sensor":"VIIRS-I · NOAA-20","detected":"2026-10-10T19:34:00Z","intensity":105,"area_ha":null,"level":0}},{"type":"Feature","geometry":{"type":"Point","coordinates":[-91.7263,30.8199]},"properties":{"source":"cwfis","country":"US","agency":"LA","sensor":"VIIRS-I · NOAA-20","detected":"2026-10-10T19:34:00Z","intensity":105,"area_ha":null,"level":0}},{"type":"Feature","geometry":{"type":"Point","coordinates":[-92.3372,30.9771]},"properties":{"source":"cwfis","country":"US","agency":"LA","sensor":"VIIRS-I · NOAA-20","detected":"2026-10-10T19:34:00Z","intensity":64,"area_ha":null,"level":0}},{"type":"Feature","geometry":{"type":"Point","coordinates":[-93.2518,31.3798]},"properties":{"source":"cwfis","country":"US","agency":"LA","sensor":"VIIRS-I · NOAA-20","detected":"2026-10-10T19:34:00Z","intensity":7597,"area_ha":null,"level":1}},{"type":"Feature","geometry":{"type":"Point","coordinates":[-93.2545,31.3687]},"properties":{"source":"cwfis","country":"US","agency":"LA","sensor":"VIIRS-I · NOAA-20","detected":"2026-10-10T19:34:00Z","intensity":6999,"area_ha":null,"level":1}},{"type":"Feature","geometry":{"type":"Point","coordinates":[-94.7785,31.5933]},"properties":{"source":"cwfis","country":"US","agency":"TX","sensor":"VIIRS-I · NOAA-20","detected":"2026-10-10T19:34:00Z","intensity":5624,"area_ha":null,"level":1}},{"type":"Feature","geometry":{"type":"Point","coordinates":[-94.775,31.5972]},"properties":{"source":"cwfis","country":"US","agency":"TX","sensor":"VIIRS-I · NOAA-20","detected":"2026-10-10T19:34:00Z","intensity":5105,"area_ha":null,"level":1}},{"type":"Feature","geometry":{"type":"Point","coordinates":[-94.7756,31.6005]},"properties":{"source":"cwfis","country":"US","agency":"TX","sensor":"VIIRS-I · NOAA-20","detected":"2026-10-10T19:34:00Z","intensity":5492,"area_ha":null,"level":1}},{"type":"Feature","geometry":{"type":"Point","coordinates":[-93.2553,31.3838]},"properties":{"source":"cwfis","country":"US","agency":"LA","sensor":"VIIRS-I · NOAA-20","detected":"2026-10-10T19:34:00Z","intensity":2116,"area_ha":null,"level":1}},{"type":"Feature","geometry":{"type":"Point","coordinates":[-96.0883,31.5334]},"properties":{"source":"cwfis","country":"US","agency":"TX","sensor":"VIIRS-I · NOAA-20","detected":"2026-10-10T19:34:00Z","intensity":207,"area_ha":null,"level":0}},{"type":"Feature","geometry":{"type":"Point","coordinates":[-94.7426,31.3538]},"properties":{"source":"cwfis","country":"US","agency":"TX","sensor":"VIIRS-I · NOAA-20","detected":"2026-10-10T19:34:00Z","intensity":132,"area_ha":null,"level":0}},{"type":"Feature","geometry":{"type":"Point","coordinates":[-95.1973,30.253]},"properties":{"source":"cwfis","country":"US","agency":"TX","sensor":"VIIRS-I · NOAA-20","detected":"2026-10-10T19:34:00Z","intensity":3485,"area_ha":null,"level":1}},{"type":"Feature","geometry":{"type":"Point","coordinates":[-94.7839,31.5993]},"properties":{"source":"cwfis","country":"US","agency":"TX","sensor":"VIIRS-I · NOAA-20","detected":"2026-10-10T19:34:00Z","intensity":4256,"area_ha":null,"level":1}},{"type":"Feature","geometry":{"type":"Point","coordinates":[-90.8853,31.1664]},"properties":{"source":"cwfis","country":"US","agency":"MS","sensor":"VIIRS-I · NOAA-20","detected":"2026-10-10T19:34:00Z","intensity":5473,"area_ha":null,"level":1}},{"type":"Feature","geometry":{"type":"Point","coordinates":[-95.0857,31.9596]},"properties":{"source":"cwfis","country":"US","agency":"TX","sensor":"VIIRS-I · NOAA-20","detected":"2026-10-10T19:34:00Z","intensity":871,"area_ha":null,"level":0}},{"type":"Feature","geometry":{"type":"Point","coordinates":[-90.8904,31.1618]},"properties":{"source":"cwfis","country":"US","agency":"MS","sensor":"VIIRS-I · NOAA-20","detected":"2026-10-10T19:34:00Z","intensity":692,"area_ha":null,"level":0}},{"type":"Feature","geometry":{"type":"Point","coordinates":[-90.8911,31.1657]},"properties":{"source":"cwfis","country":"US","agency":"MS","sensor":"VIIRS-I · NOAA-20","detected":"2026-10-10T19:34:00Z","intensity":575,"area_ha":null,"level":0}},{"type":"Feature","geometry":{"type":"Point","coordinates":[-91.9144,30.2701]},"properties":{"source":"cwfis","country":"US","agency":"LA","sensor":"VIIRS-I · NOAA-20","detected":"2026-10-10T19:34:00Z","intensity":470,"area_ha":null,"level":0}},{"type":"Feature","geometry":{"type":"Point","coordinates":[-95.8634,31.5876]},"properties":{"source":"cwfis","country":"US","agency":"TX","sensor":"VIIRS-I · NOAA-20","detected":"2026-10-10T19:34:00Z","intensity":408,"area_ha":null,"level":0}},{"type":"Feature","geometry":{"type":"Point","coordinates":[-99.0576,30.3714]},"properties":{"source":"cwfis","country":"US","agency":"TX","sensor":"VIIRS-I · NOAA-20","detected":"2026-10-10T19:34:00Z","intensity":0,"area_ha":null,"level":0}},{"type":"Feature","geometry":{"type":"Point","coordinates":[-90.7544,29.7524]},"properties":{"source":"cwfis","country":"US","agency":"LA","sensor":"VIIRS-I · NOAA-20","detected":"2026-10-10T19:34:00Z","intensity":359,"area_ha":null,"level":0}},{"type":"Feature","geometry":{"type":"Point","coordinates":[-91.7379,29.9793]},"properties":{"source":"cwfis","country":"US","agency":"LA","sensor":"VIIRS-I · NOAA-20","detected":"2026-10-10T19:34:00Z","intensity":124,"area_ha":null,"level":0}},{"type":"Feature","geometry":{"type":"Point","coordinates":[-91.9685,29.9363]},"properties":{"source":"cwfis","country":"US","agency":"LA","sensor":"VIIRS-I · NOAA-20","detected":"2026-10-10T19:34:00Z","intensity":0,"area_ha":null,"level":0}},{"type":"Feature","geometry":{"type":"Point","coordinates":[-99.0584,30.3748]},"properties":{"source":"cwfis","country":"US","agency":"TX","sensor":"VIIRS-I · NOAA-20","detected":"2026-10-10T19:34:00Z","intensity":0,"area_ha":null,"level":0}},{"type":"Feature","geometry":{"type":"Point","coordinates":[-96.6051,29.1038]},"properties":{"source":"cwfis","country":"US","agency":"TX","sensor":"VIIRS-I · NOAA-20","detected":"2026-10-10T19:34:00Z","intensity":0,"area_ha":null,"level":0}},{"type":"Feature","geometry":{"type":"Point","coordinates":[-90.8847,31.1624]},"properties":{"source":"cwfis","country":"US","agency":"MS","sensor":"VIIRS-I · NOAA-20","detected":"2026-10-10T19:34:00Z","intensity":608,"area_ha":null,"level":0}},{"type":"Feature","geometry":{"type":"Point","coordinates":[-98.1981,30.8088]},"properties":{"source":"cwfis","country":"US","agency":"TX","sensor":"VIIRS-I · NOAA-20","detected":"2026-10-10T19:34:00Z","intensity":0,"area_ha":null,"level":0}},{"type":"Feature","geometry":{"type":"Point","coordinates":[-98.4069,31.2777]},"properties":{"source":"cwfis","country":"US","agency":"TX","sensor":"VIIRS-I · NOAA-20","detected":"2026-10-10T19:34:00Z","intensity":0,"area_ha":null,"level":0}},{"type":"Feature","geometry":{"type":"Point","coordinates":[-98.1094,30.8239]},"properties":{"source":"cwfis","country":"US","agency":"TX","sensor":"VIIRS-I · NOAA-20","detected":"2026-10-10T19:34:00Z","intensity":0,"area_ha":null,"level":0}},{"type":"Feature","geometry":{"type":"Point","coordinates":[-96.0836,31.5307]},"properties":{"source":"cwfis","country":"US","agency":"TX","sensor":"VIIRS-I · NOAA-20","detected":"2026-10-10T19:34:00Z","intensity":215,"area_ha":null,"level":0}},{"type":"Feature","geometry":{"type":"Point","coordinates":[-95.3704,30.2579]},"properties":{"source":"cwfis","country":"US","agency":"TX","sensor":"VIIRS-I · NOAA-20","detected":"2026-10-10T19:34:00Z","intensity":4385,"area_ha":null,"level":1}},{"type":"Feature","geometry":{"type":"Point","coordinates":[-95.3711,30.2612]},"properties":{"source":"cwfis","country":"US","agency":"TX","sensor":"VIIRS-I · NOAA-20","detected":"2026-10-10T19:34:00Z","intensity":4153,"area_ha":null,"level":1}},{"type":"Feature","geometry":{"type":"Point","coordinates":[-95.2248,31.1691]},"properties":{"source":"cwfis","country":"US","agency":"TX","sensor":"VIIRS-I · NOAA-20","detected":"2026-10-10T19:34:00Z","intensity":2417,"area_ha":null,"level":1}},{"type":"Feature","geometry":{"type":"Point","coordinates":[-94.5018,31.539]},"properties":{"source":"cwfis","country":"US","agency":"TX","sensor":"VIIRS-I · NOAA-20","detected":"2026-10-10T19:34:00Z","intensity":2730,"area_ha":null,"level":1}},{"type":"Feature","geometry":{"type":"Point","coordinates":[-94.3586,32.0477]},"properties":{"source":"cwfis","country":"US","agency":"TX","sensor":"VIIRS-I · NOAA-20","detected":"2026-10-10T19:34:00Z","intensity":1440,"area_ha":null,"level":0}},{"type":"Feature","geometry":{"type":"Point","coordinates":[-90.6013,30.0084]},"properties":{"source":"cwfis","country":"US","agency":"LA","sensor":"VIIRS-I · NOAA-20","detected":"2026-10-10T19:34:00Z","intensity":1323,"area_ha":null,"level":0}},{"type":"Feature","geometry":{"type":"Point","coordinates":[-96.1752,30.4417]},"properties":{"source":"cwfis","country":"US","agency":"TX","sensor":"VIIRS-I · NOAA-20","detected":"2026-10-10T19:34:00Z","intensity":426,"area_ha":null,"level":0}},{"type":"Feature","geometry":{"type":"Point","coordinates":[-96.2294,30.811]},"properties":{"source":"cwfis","country":"US","agency":"TX","sensor":"VIIRS-I · NOAA-20","detected":"2026-10-10T19:34:00Z","intensity":305,"area_ha":null,"level":0}},{"type":"Feature","geometry":{"type":"Point","coordinates":[-97.0008,28.6779]},"properties":{"source":"cwfis","country":"US","agency":"TX","sensor":"VIIRS-I · NOAA-20","detected":"2026-10-10T19:34:00Z","intensity":0,"area_ha":null,"level":0}},{"type":"Feature","geometry":{"type":"Point","coordinates":[-96.2736,30.7668]},"properties":{"source":"cwfis","country":"US","agency":"TX","sensor":"VIIRS-I · NOAA-20","detected":"2026-10-10T19:34:00Z","intensity":108,"area_ha":null,"level":0}},{"type":"Feature","geometry":{"type":"Point","coordinates":[-95.9334,30.7885]},"properties":{"source":"cwfis","country":"US","agency":"TX","sensor":"VIIRS-I · NOAA-20","detected":"2026-10-10T19:34:00Z","intensity":243,"area_ha":null,"level":0}},{"type":"Feature","geometry":{"type":"Point","coordinates":[-96.4013,31.5465]},"properties":{"source":"cwfis","country":"US","agency":"TX","sensor":"VIIRS-I · NOAA-20","detected":"2026-10-10T19:34:00Z","intensity":199,"area_ha":null,"level":0}},{"type":"Feature","geometry":{"type":"Point","coordinates":[-89.6213,30.5562]},"properties":{"source":"cwfis","country":"US","agency":"MS","sensor":"VIIRS-I · NOAA-20","detected":"2026-10-10T19:34:00Z","intensity":127,"area_ha":null,"level":0}},{"type":"Feature","geometry":{"type":"Point","coordinates":[-97.0446,28.7466]},"properties":{"source":"cwfis","country":"US","agency":"TX","sensor":"VIIRS-I · NOAA-20","detected":"2026-10-10T19:34:00Z","intensity":789,"area_ha":null,"level":0}},{"type":"Feature","geometry":{"type":"Point","coordinates":[-96.1383,29.372]},"properties":{"source":"cwfis","country":"US","agency":"TX","sensor":"VIIRS-I · NOAA-20","detected":"2026-10-10T19:34:00Z","intensity":0,"area_ha":null,"level":0}},{"type":"Feature","geometry":{"type":"Point","coordinates":[-96.1422,29.3714]},"properties":{"source":"cwfis","country":"US","agency":"TX","sensor":"VIIRS-I · NOAA-20","detected":"2026-10-10T19:34:00Z","intensity":0,"area_ha":null,"level":0}},{"type":"Feature","geometry":{"type":"Point","coordinates":[-96.0689,29.41]},"properties":{"source":"cwfis","country":"US","agency":"TX","sensor":"VIIRS-I · NOAA-20","detected":"2026-10-10T19:34:00Z","intensity":0,"area_ha":null,"level":0}},{"type":"Feature","geometry":{"type":"Point","coordinates":[-96.3846,29.105]},"properties":{"source":"cwfis","country":"US","agency":"TX","sensor":"VIIRS-I · NOAA-20","detected":"2026-10-10T19:34:00Z","intensity":244,"area_ha":null,"level":0}},{"type":"Feature","geometry":{"type":"Point","coordinates":[-95.8411,30.979]},"properties":{"source":"cwfis","country":"US","agency":"TX","sensor":"VIIRS-I · NOAA-20","detected":"2026-10-10T19:34:00Z","intensity":276,"area_ha":null,"level":0}},{"type":"Feature","geometry":{"type":"Point","coordinates":[-96.3853,29.1083]},"properties":{"source":"cwfis","country":"US","agency":"TX","sensor":"VIIRS-I · NOAA-20","detected":"2026-10-10T19:34:00Z","intensity":0,"area_ha":null,"level":0}},{"type":"Feature","geometry":{"type":"Point","coordinates":[-97.1029,28.9483]},"properties":{"source":"cwfis","country":"US","agency":"TX","sensor":"VIIRS-I · NOAA-20","detected":"2026-10-10T19:34:00Z","intensity":0,"area_ha":null,"level":0}},{"type":"Feature","geometry":{"type":"Point","coordinates":[-96.4545,28.6475]},"properties":{"source":"cwfis","country":"US","agency":"TX","sensor":"VIIRS-I · NOAA-20","detected":"2026-10-10T19:34:00Z","intensity":0,"area_ha":null,"level":0}},{"type":"Feature","geometry":{"type":"Point","coordinates":[-93.1083,29.9639]},"properties":{"source":"cwfis","country":"US","agency":"LA","sensor":"VIIRS-I · NOAA-20","detected":"2026-10-10T19:34:00Z","intensity":0,"area_ha":null,"level":0}},{"type":"Feature","geometry":{"type":"Point","coordinates":[-98.9541,29.1567]},"properties":{"source":"cwfis","country":"US","agency":"TX","sensor":"VIIRS-I · NOAA-20","detected":"2026-10-10T19:34:00Z","intensity":0,"area_ha":null,"level":0}},{"type":"Feature","geometry":{"type":"Point","coordinates":[-90.5,31.7823]},"properties":{"source":"cwfis","country":"US","agency":"MS","sensor":"VIIRS-I · NOAA-20","detected":"2026-10-10T19:34:00Z","intensity":612,"area_ha":null,"level":0}},{"type":"Feature","geometry":{"type":"Point","coordinates":[-98.5219,31.0886]},"properties":{"source":"cwfis","country":"US","agency":"TX","sensor":"VIIRS-I · NOAA-20","detected":"2026-10-10T19:34:00Z","intensity":0,"area_ha":null,"level":0}},{"type":"Feature","geometry":{"type":"Point","coordinates":[-91.8653,30.5631]},"properties":{"source":"cwfis","country":"US","agency":"LA","sensor":"VIIRS-I · NOAA-20","detected":"2026-10-10T19:34:00Z","intensity":80,"area_ha":null,"level":0}},{"type":"Feature","geometry":{"type":"Point","coordinates":[-91.8659,30.5668]},"properties":{"source":"cwfis","country":"US","agency":"LA","sensor":"VIIRS-I · NOAA-20","detected":"2026-10-10T19:34:00Z","intensity":30,"area_ha":null,"level":0}},{"type":"Feature","geometry":{"type":"Point","coordinates":[-91.4555,30.7245]},"properties":{"source":"cwfis","country":"US","agency":"LA","sensor":"VIIRS-I · NOAA-20","detected":"2026-10-10T19:34:00Z","intensity":105,"area_ha":null,"level":0}},{"type":"Feature","geometry":{"type":"Point","coordinates":[-90.275,31.3776]},"properties":{"source":"cwfis","country":"US","agency":"MS","sensor":"VIIRS-I · NOAA-20","detected":"2026-10-10T19:34:00Z","intensity":7913,"area_ha":null,"level":1}},{"type":"Feature","geometry":{"type":"Point","coordinates":[-90.4623,31.5472]},"properties":{"source":"cwfis","country":"US","agency":"MS","sensor":"VIIRS-I · NOAA-20","detected":"2026-10-10T19:34:00Z","intensity":6201,"area_ha":null,"level":1}},{"type":"Feature","geometry":{"type":"Point","coordinates":[-92.2834,29.546]},"properties":{"source":"cwfis","country":"US","agency":"LA","sensor":"VIIRS-I · NOAA-20","detected":"2026-10-10T19:34:00Z","intensity":0,"area_ha":null,"level":0}},{"type":"Feature","geometry":{"type":"Point","coordinates":[-92.2693,29.5478]},"properties":{"source":"cwfis","country":"US","agency":"LA","sensor":"VIIRS-I · NOAA-20","detected":"2026-10-10T19:34:00Z","intensity":0,"area_ha":null,"level":0}},{"type":"Feature","geometry":{"type":"Point","coordinates":[-92.1367,30.6967]},"properties":{"source":"cwfis","country":"US","agency":"LA","sensor":"VIIRS-I · NOAA-20","detected":"2026-10-10T19:34:00Z","intensity":0,"area_ha":null,"level":0}},{"type":"Feature","geometry":{"type":"Point","coordinates":[-98.1087,30.8205]},"properties":{"source":"cwfis","country":"US","agency":"TX","sensor":"VIIRS-I · NOAA-20","detected":"2026-10-10T19:34:00Z","intensity":0,"area_ha":null,"level":0}},{"type":"Feature","geometry":{"type":"Point","coordinates":[-91.0215,30.16]},"properties":{"source":"cwfis","country":"US","agency":"LA","sensor":"VIIRS-I · NOAA-20","detected":"2026-10-10T19:34:00Z","intensity":2475,"area_ha":null,"level":1}},{"type":"Feature","geometry":{"type":"Point","coordinates":[-98.1071,30.8137]},"properties":{"source":"cwfis","country":"US","agency":"TX","sensor":"VIIRS-I · NOAA-20","detected":"2026-10-10T19:34:00Z","intensity":0,"area_ha":null,"level":0}},{"type":"Feature","geometry":{"type":"Point","coordinates":[-94.4573,29.8958]},"properties":{"source":"cwfis","country":"US","agency":"TX","sensor":"VIIRS-I · NOAA-20","detected":"2026-10-10T19:34:00Z","intensity":0,"area_ha":null,"level":0}},{"type":"Feature","geometry":{"type":"Point","coordinates":[-98.1079,30.8171]},"properties":{"source":"cwfis","country":"US","agency":"TX","sensor":"VIIRS-I · NOAA-20","detected":"2026-10-10T19:34:00Z","intensity":0,"area_ha":null,"level":0}},{"type":"Feature","geometry":{"type":"Point","coordinates":[-92.8452,30.2366]},"properties":{"source":"cwfis","country":"US","agency":"LA","sensor":"VIIRS-I · NOAA-20","detected":"2026-10-10T19:34:00Z","intensity":4137,"area_ha":null,"level":1}},{"type":"Feature","geometry":{"type":"Point","coordinates":[-93.2558,31.3757]},"properties":{"source":"cwfis","country":"US","agency":"LA","sensor":"VIIRS-I · NOAA-20","detected":"2026-10-10T19:34:00Z","intensity":1689,"area_ha":null,"level":0}},{"type":"Feature","geometry":{"type":"Point","coordinates":[-93.2564,31.3792]},"properties":{"source":"cwfis","country":"US","agency":"LA","sensor":"VIIRS-I · NOAA-20","detected":"2026-10-10T19:34:00Z","intensity":1179,"area_ha":null,"level":0}},{"type":"Feature","geometry":{"type":"Point","coordinates":[-93.2603,31.3751]},"properties":{"source":"cwfis","country":"US","agency":"LA","sensor":"VIIRS-I · NOAA-20","detected":"2026-10-10T19:34:00Z","intensity":210,"area_ha":null,"level":0}},{"type":"Feature","geometry":{"type":"Point","coordinates":[-96.065,31.5606]},"properties":{"source":"cwfis","country":"US","agency":"TX","sensor":"VIIRS-I · NOAA-20","detected":"2026-10-10T19:34:00Z","intensity":2737,"area_ha":null,"level":1}},{"type":"Feature","geometry":{"type":"Point","coordinates":[-96.0829,31.5274]},"properties":{"source":"cwfis","country":"US","agency":"TX","sensor":"VIIRS-I · NOAA-20","detected":"2026-10-10T19:34:00Z","intensity":404,"area_ha":null,"level":0}},{"type":"Feature","geometry":{"type":"Point","coordinates":[-91.5184,30.6442]},"properties":{"source":"cwfis","country":"US","agency":"LA","sensor":"VIIRS-I · NOAA-20","detected":"2026-10-10T19:34:00Z","intensity":190,"area_ha":null,"level":0}},{"type":"Feature","geometry":{"type":"Point","coordinates":[-91.4549,30.7208]},"properties":{"source":"cwfis","country":"US","agency":"LA","sensor":"VIIRS-I · NOAA-20","detected":"2026-10-10T19:34:00Z","intensity":94,"area_ha":null,"level":0}},{"type":"Feature","geometry":{"type":"Point","coordinates":[-94.9942,30.2421]},"properties":{"source":"cwfis","country":"US","agency":"TX","sensor":"VIIRS-I · NOAA-20","detected":"2026-10-10T19:34:00Z","intensity":319,"area_ha":null,"level":0}},{"type":"Feature","geometry":{"type":"Point","coordinates":[-94.616,31.5956]},"properties":{"source":"cwfis","country":"US","agency":"TX","sensor":"VIIRS-I · NOAA-20","detected":"2026-10-10T19:34:00Z","intensity":3281,"area_ha":null,"level":1}},{"type":"Feature","geometry":{"type":"Point","coordinates":[-94.4216,30.4608]},"properties":{"source":"cwfis","country":"US","agency":"TX","sensor":"VIIRS-I · NOAA-20","detected":"2026-10-10T19:34:00Z","intensity":1439,"area_ha":null,"level":0}},{"type":"Feature","geometry":{"type":"Point","coordinates":[-90.3825,31.8487]},"properties":{"source":"cwfis","country":"US","agency":"MS","sensor":"VIIRS-I · NOAA-20","detected":"2026-10-10T19:34:00Z","intensity":9608,"area_ha":null,"level":1}},{"type":"Feature","geometry":{"type":"Point","coordinates":[-92.9053,30.4378]},"properties":{"source":"cwfis","country":"US","agency":"LA","sensor":"VIIRS-I · NOAA-20","detected":"2026-10-10T19:34:00Z","intensity":4316,"area_ha":null,"level":1}},{"type":"Feature","geometry":{"type":"Point","coordinates":[-92.0186,34.7407]},"properties":{"source":"cwfis","country":"US","agency":"AR","sensor":"VIIRS-I · NOAA-20","detected":"2026-10-10T19:35:00Z","intensity":56,"area_ha":null,"level":0}},{"type":"Feature","geometry":{"type":"Point","coordinates":[-91.9531,34.6093]},"properties":{"source":"cwfis","country":"US","agency":"AR","sensor":"VIIRS-I · NOAA-20","detected":"2026-10-10T19:35:00Z","intensity":50,"area_ha":null,"level":0}},{"type":"Feature","geometry":{"type":"Point","coordinates":[-91.7262,34.6145]},"properties":{"source":"cwfis","country":"US","agency":"AR","sensor":"VIIRS-I · NOAA-20","detected":"2026-10-10T19:35:00Z","intensity":33,"area_ha":null,"level":0}},{"type":"Feature","geometry":{"type":"Point","coordinates":[-92.0192,34.7446]},"properties":{"source":"cwfis","country":"US","agency":"AR","sensor":"VIIRS-I · NOAA-20","detected":"2026-10-10T19:35:00Z","intensity":50,"area_ha":null,"level":0}},{"type":"Feature","geometry":{"type":"Point","coordinates":[-95.7119,33.6036]},"properties":{"source":"cwfis","country":"US","agency":"TX","sensor":"VIIRS-I · NOAA-20","detected":"2026-10-10T19:35:00Z","intensity":1546,"area_ha":null,"level":0}},{"type":"Feature","geometry":{"type":"Point","coordinates":[-95.7105,33.597]},"properties":{"source":"cwfis","country":"US","agency":"TX","sensor":"VIIRS-I · NOAA-20","detected":"2026-10-10T19:35:00Z","intensity":1553,"area_ha":null,"level":0}},{"type":"Feature","geometry":{"type":"Point","coordinates":[-95.7125,33.6069]},"properties":{"source":"cwfis","country":"US","agency":"TX","sensor":"VIIRS-I · NOAA-20","detected":"2026-10-10T19:35:00Z","intensity":1863,"area_ha":null,"level":0}},{"type":"Feature","geometry":{"type":"Point","coordinates":[-95.3019,32.1559]},"properties":{"source":"cwfis","country":"US","agency":"TX","sensor":"VIIRS-I · NOAA-20","detected":"2026-10-10T19:35:00Z","intensity":640,"area_ha":null,"level":0}},{"type":"Feature","geometry":{"type":"Point","coordinates":[-92.0612,34.5505]},"properties":{"source":"cwfis","country":"US","agency":"AR","sensor":"VIIRS-I · NOAA-20","detected":"2026-10-10T19:35:00Z","intensity":47,"area_ha":null,"level":0}},{"type":"Feature","geometry":{"type":"Point","coordinates":[-95.6251,32.771]},"properties":{"source":"cwfis","country":"US","agency":"TX","sensor":"VIIRS-I · NOAA-20","detected":"2026-10-10T19:35:00Z","intensity":673,"area_ha":null,"level":0}},{"type":"Feature","geometry":{"type":"Point","coordinates":[-97.5336,34.193]},"properties":{"source":"cwfis","country":"US","agency":"OK","sensor":"VIIRS-I · NOAA-20","detected":"2026-10-10T19:35:00Z","intensity":0,"area_ha":null,"level":0}},{"type":"Feature","geometry":{"type":"Point","coordinates":[-95.665,32.8262]},"properties":{"source":"cwfis","country":"US","agency":"TX","sensor":"VIIRS-I · NOAA-20","detected":"2026-10-10T19:35:00Z","intensity":569,"area_ha":null,"level":0}},{"type":"Feature","geometry":{"type":"Point","coordinates":[-98.7549,33.2859]},"properties":{"source":"cwfis","country":"US","agency":"TX","sensor":"VIIRS-I · NOAA-20","detected":"2026-10-10T19:35:00Z","intensity":0,"area_ha":null,"level":0}},{"type":"Feature","geometry":{"type":"Point","coordinates":[-97.461,34.1158]},"properties":{"source":"cwfis","country":"US","agency":"OK","sensor":"VIIRS-I · NOAA-20","detected":"2026-10-10T19:35:00Z","intensity":0,"area_ha":null,"level":0}},{"type":"Feature","geometry":{"type":"Point","coordinates":[-98.1471,34.6986]},"properties":{"source":"cwfis","country":"US","agency":"OK","sensor":"VIIRS-I · NOAA-20","detected":"2026-10-10T19:35:00Z","intensity":0,"area_ha":null,"level":0}},{"type":"Feature","geometry":{"type":"Point","coordinates":[-95.1687,32.1272]},"properties":{"source":"cwfis","country":"US","agency":"TX","sensor":"VIIRS-I · NOAA-20","detected":"2026-10-10T19:35:00Z","intensity":1698,"area_ha":null,"level":0}},{"type":"Feature","geometry":{"type":"Point","coordinates":[-91.8037,34.2601]},"properties":{"source":"cwfis","country":"US","agency":"AR","sensor":"VIIRS-I · NOAA-20","detected":"2026-10-10T19:35:00Z","intensity":86,"area_ha":null,"level":0}},{"type":"Feature","geometry":{"type":"Point","coordinates":[-95.5688,32.3139]},"properties":{"source":"cwfis","country":"US","agency":"TX","sensor":"VIIRS-I · NOAA-20","detected":"2026-10-10T19:35:00Z","intensity":3000,"area_ha":null,"level":1}},{"type":"Feature","geometry":{"type":"Point","coordinates":[-95.0176,32.4343]},"properties":{"source":"cwfis","country":"US","agency":"TX","sensor":"VIIRS-I · NOAA-20","detected":"2026-10-10T19:35:00Z","intensity":5933,"area_ha":null,"level":1}},{"type":"Feature","geometry":{"type":"Point","coordinates":[-103.9879,31.6086]},"properties":{"source":"cwfis","country":"US","agency":"TX","sensor":"VIIRS-I · NOAA-20","detected":"2026-10-10T19:35:00Z","intensity":87,"area_ha":null,"level":0}},{"type":"Feature","geometry":{"type":"Point","coordinates":[-95.2725,32.4278]},"properties":{"source":"cwfis","country":"US","agency":"TX","sensor":"VIIRS-I · NOAA-20","detected":"2026-10-10T19:35:00Z","intensity":472,"area_ha":null,"level":0}},{"type":"Feature","geometry":{"type":"Point","coordinates":[-94.2041,33.4139]},"properties":{"source":"cwfis","country":"US","agency":"TX","sensor":"VIIRS-I · NOAA-20","detected":"2026-10-10T19:35:00Z","intensity":1416,"area_ha":null,"level":0}},{"type":"Feature","geometry":{"type":"Point","coordinates":[-103.4887,31.3755]},"properties":{"source":"cwfis","country":"US","agency":"TX","sensor":"VIIRS-I · NOAA-20","detected":"2026-10-10T19:35:00Z","intensity":24,"area_ha":null,"level":0}},{"type":"Feature","geometry":{"type":"Point","coordinates":[-103.4914,31.3769]},"properties":{"source":"cwfis","country":"US","agency":"TX","sensor":"VIIRS-I · NOAA-20","detected":"2026-10-10T19:35:00Z","intensity":24,"area_ha":null,"level":0}},{"type":"Feature","geometry":{"type":"Point","coordinates":[-96.0675,32.8519]},"properties":{"source":"cwfis","country":"US","agency":"TX","sensor":"VIIRS-I · NOAA-20","detected":"2026-10-10T19:35:00Z","intensity":182,"area_ha":null,"level":0}},{"type":"Feature","geometry":{"type":"Point","coordinates":[-97.1035,34.1782]},"properties":{"source":"cwfis","country":"US","agency":"OK","sensor":"VIIRS-I · NOAA-20","detected":"2026-10-10T19:35:00Z","intensity":0,"area_ha":null,"level":0}},{"type":"Feature","geometry":{"type":"Point","coordinates":[-93.5824,35.4451]},"properties":{"source":"cwfis","country":"US","agency":"AR","sensor":"VIIRS-I · NOAA-20","detected":"2026-10-10T19:35:00Z","intensity":252,"area_ha":null,"level":0}},{"type":"Feature","geometry":{"type":"Point","coordinates":[-98.049,33.6534]},"properties":{"source":"cwfis","country":"US","agency":"TX","sensor":"VIIRS-I · NOAA-20","detected":"2026-10-10T19:35:00Z","intensity":0,"area_ha":null,"level":0}},{"type":"Feature","geometry":{"type":"Point","coordinates":[-98.2782,33.4963]},"properties":{"source":"cwfis","country":"US","agency":"TX","sensor":"VIIRS-I · NOAA-20","detected":"2026-10-10T19:35:00Z","intensity":0,"area_ha":null,"level":0}},{"type":"Feature","geometry":{"type":"Point","coordinates":[-92.3223,32.5444]},"properties":{"source":"cwfis","country":"US","agency":"LA","sensor":"VIIRS-I · NOAA-20","detected":"2026-10-10T19:35:00Z","intensity":1379,"area_ha":null,"level":0}},{"type":"Feature","geometry":{"type":"Point","coordinates":[-95.7112,33.6003]},"properties":{"source":"cwfis","country":"US","agency":"TX","sensor":"VIIRS-I · NOAA-20","detected":"2026-10-10T19:35:00Z","intensity":493,"area_ha":null,"level":0}},{"type":"Feature","geometry":{"type":"Point","coordinates":[-92.0199,34.7484]},"properties":{"source":"cwfis","country":"US","agency":"AR","sensor":"VIIRS-I · NOAA-20","detected":"2026-10-10T19:35:00Z","intensity":574,"area_ha":null,"level":0}},{"type":"Feature","geometry":{"type":"Point","coordinates":[-97.3837,34.6966]},"properties":{"source":"cwfis","country":"US","agency":"OK","sensor":"VIIRS-I · NOAA-20","detected":"2026-10-10T19:35:00Z","intensity":0,"area_ha":null,"level":0}},{"type":"Feature","geometry":{"type":"Point","coordinates":[-95.5694,32.3172]},"properties":{"source":"cwfis","country":"US","agency":"TX","sensor":"VIIRS-I · NOAA-20","detected":"2026-10-10T19:35:00Z","intensity":3297,"area_ha":null,"level":1}},{"type":"Feature","geometry":{"type":"Point","coordinates":[-96.4563,31.797]},"properties":{"source":"cwfis","country":"US","agency":"TX","sensor":"VIIRS-I · NOAA-20","detected":"2026-10-10T19:35:00Z","intensity":0,"area_ha":null,"level":0}},{"type":"Feature","geometry":{"type":"Point","coordinates":[-97.175,31.7282]},"properties":{"source":"cwfis","country":"US","agency":"TX","sensor":"VIIRS-I · NOAA-20","detected":"2026-10-10T19:35:00Z","intensity":0,"area_ha":null,"level":0}},{"type":"Feature","geometry":{"type":"Point","coordinates":[-96.4627,32.1463]},"properties":{"source":"cwfis","country":"US","agency":"TX","sensor":"VIIRS-I · NOAA-20","detected":"2026-10-10T19:35:00Z","intensity":0,"area_ha":null,"level":0}},{"type":"Feature","geometry":{"type":"Point","coordinates":[-96.2429,32.149]},"properties":{"source":"cwfis","country":"US","agency":"TX","sensor":"VIIRS-I · NOAA-20","detected":"2026-10-10T19:35:00Z","intensity":0,"area_ha":null,"level":0}},{"type":"Feature","geometry":{"type":"Point","coordinates":[-94.9106,32.7199]},"properties":{"source":"cwfis","country":"US","agency":"TX","sensor":"VIIRS-I · NOAA-20","detected":"2026-10-10T19:35:00Z","intensity":431,"area_ha":null,"level":0}},{"type":"Feature","geometry":{"type":"Point","coordinates":[-96.2874,34.345]},"properties":{"source":"cwfis","country":"US","agency":"OK","sensor":"VIIRS-I · NOAA-20","detected":"2026-10-10T19:35:00Z","intensity":414,"area_ha":null,"level":0}},{"type":"Feature","geometry":{"type":"Point","coordinates":[-95.5439,34.4582]},"properties":{"source":"cwfis","country":"US","agency":"OK","sensor":"VIIRS-I · NOAA-20","detected":"2026-10-10T19:35:00Z","intensity":545,"area_ha":null,"level":0}},{"type":"Feature","geometry":{"type":"Point","coordinates":[-96.2685,34.2732]},"properties":{"source":"cwfis","country":"US","agency":"OK","sensor":"VIIRS-I · NOAA-20","detected":"2026-10-10T19:35:00Z","intensity":273,"area_ha":null,"level":0}},{"type":"Feature","geometry":{"type":"Point","coordinates":[-92.9549,33.9994]},"properties":{"source":"cwfis","country":"US","agency":"AR","sensor":"VIIRS-I · NOAA-20","detected":"2026-10-10T19:35:00Z","intensity":441,"area_ha":null,"level":0}},{"type":"Feature","geometry":{"type":"Point","coordinates":[-94.2074,33.4159]},"properties":{"source":"cwfis","country":"US","agency":"TX","sensor":"VIIRS-I · NOAA-20","detected":"2026-10-10T19:35:00Z","intensity":24090,"area_ha":null,"level":2}},{"type":"Feature","geometry":{"type":"Point","coordinates":[-94.2086,33.4133]},"properties":{"source":"cwfis","country":"US","agency":"TX","sensor":"VIIRS-I · NOAA-20","detected":"2026-10-10T19:35:00Z","intensity":20540,"area_ha":null,"level":2}},{"type":"Feature","geometry":{"type":"Point","coordinates":[-95.9018,32.7168]},"properties":{"source":"cwfis","country":"US","agency":"TX","sensor":"VIIRS-I · NOAA-20","detected":"2026-10-10T19:35:00Z","intensity":8371,"area_ha":null,"level":1}},{"type":"Feature","geometry":{"type":"Point","coordinates":[-96.2026,32.3015]},"properties":{"source":"cwfis","country":"US","agency":"TX","sensor":"VIIRS-I · NOAA-20","detected":"2026-10-10T19:35:00Z","intensity":8404,"area_ha":null,"level":1}},{"type":"Feature","geometry":{"type":"Point","coordinates":[-97.0602,31.7397]},"properties":{"source":"cwfis","country":"US","agency":"TX","sensor":"VIIRS-I · NOAA-20","detected":"2026-10-10T19:35:00Z","intensity":2590,"area_ha":null,"level":1}},{"type":"Feature","geometry":{"type":"Point","coordinates":[-94.588,39.3408]},"properties":{"source":"cwfis","country":"US","agency":"MO","sensor":"VIIRS-I · NOAA-20","detected":"2026-10-10T19:36:00Z","intensity":2318,"area_ha":null,"level":1}},{"type":"Feature","geometry":{"type":"Point","coordinates":[-95.1527,36.3888]},"properties":{"source":"cwfis","country":"US","agency":"OK","sensor":"VIIRS-I · NOAA-20","detected":"2026-10-10T19:36:00Z","intensity":11412,"area_ha":null,"level":2}},{"type":"Feature","geometry":{"type":"Point","coordinates":[-96.5973,35.5637]},"properties":{"source":"cwfis","country":"US","agency":"OK","sensor":"VIIRS-I · NOAA-20","detected":"2026-10-10T19:36:00Z","intensity":0,"area_ha":null,"level":0}},{"type":"Feature","geometry":{"type":"Point","coordinates":[-93.3063,37.4305]},"properties":{"source":"cwfis","country":"US","agency":"MO","sensor":"VIIRS-I · NOAA-20","detected":"2026-10-10T19:36:00Z","intensity":637,"area_ha":null,"level":0}},{"type":"Feature","geometry":{"type":"Point","coordinates":[-95.1429,36.4112]},"properties":{"source":"cwfis","country":"US","agency":"OK","sensor":"VIIRS-I · NOAA-20","detected":"2026-10-10T19:36:00Z","intensity":6164,"area_ha":null,"level":1}},{"type":"Feature","geometry":{"type":"Point","coordinates":[-95.8448,35.9662]},"properties":{"source":"cwfis","country":"US","agency":"OK","sensor":"VIIRS-I · NOAA-20","detected":"2026-10-10T19:36:00Z","intensity":4192,"area_ha":null,"level":1}},{"type":"Feature","geometry":{"type":"Point","coordinates":[-97.3478,35.4787]},"properties":{"source":"cwfis","country":"US","agency":"OK","sensor":"VIIRS-I · NOAA-20","detected":"2026-10-10T19:36:00Z","intensity":1316,"area_ha":null,"level":0}},{"type":"Feature","geometry":{"type":"Point","coordinates":[-97.6938,38.7614]},"properties":{"source":"cwfis","country":"US","agency":"KS","sensor":"VIIRS-I · NOAA-20","detected":"2026-10-10T19:36:00Z","intensity":2668,"area_ha":null,"level":1}},{"type":"Feature","geometry":{"type":"Point","coordinates":[-95.1443,36.4181]},"properties":{"source":"cwfis","country":"US","agency":"OK","sensor":"VIIRS-I · NOAA-20","detected":"2026-10-10T19:36:00Z","intensity":336,"area_ha":null,"level":0}},{"type":"Feature","geometry":{"type":"Point","coordinates":[-95.1396,36.4187]},"properties":{"source":"cwfis","country":"US","agency":"OK","sensor":"VIIRS-I · NOAA-20","detected":"2026-10-10T19:36:00Z","intensity":290,"area_ha":null,"level":0}},{"type":"Feature","geometry":{"type":"Point","coordinates":[-95.1436,36.4146]},"properties":{"source":"cwfis","country":"US","agency":"OK","sensor":"VIIRS-I · NOAA-20","detected":"2026-10-10T19:36:00Z","intensity":363,"area_ha":null,"level":0}},{"type":"Feature","geometry":{"type":"Point","coordinates":[-96.9973,36.6774]},"properties":{"source":"cwfis","country":"US","agency":"OK","sensor":"VIIRS-I · NOAA-20","detected":"2026-10-10T19:36:00Z","intensity":8828,"area_ha":null,"level":1}},{"type":"Feature","geometry":{"type":"Point","coordinates":[-96.9966,36.6741]},"properties":{"source":"cwfis","country":"US","agency":"OK","sensor":"VIIRS-I · NOAA-20","detected":"2026-10-10T19:36:00Z","intensity":10204,"area_ha":null,"level":2}},{"type":"Feature","geometry":{"type":"Point","coordinates":[-97.5389,35.8476]},"properties":{"source":"cwfis","country":"US","agency":"OK","sensor":"VIIRS-I · NOAA-20","detected":"2026-10-10T19:36:00Z","intensity":0,"area_ha":null,"level":0}},{"type":"Feature","geometry":{"type":"Point","coordinates":[-98.1309,35.9395]},"properties":{"source":"cwfis","country":"US","agency":"OK","sensor":"VIIRS-I · NOAA-20","detected":"2026-10-10T19:36:00Z","intensity":0,"area_ha":null,"level":0}},{"type":"Feature","geometry":{"type":"Point","coordinates":[-94.4921,36.9282]},"properties":{"source":"cwfis","country":"US","agency":"MO","sensor":"VIIRS-I · NOAA-20","detected":"2026-10-10T19:36:00Z","intensity":12740,"area_ha":null,"level":2}},{"type":"Feature","geometry":{"type":"Point","coordinates":[-96.0918,42.2151]},"properties":{"source":"cwfis","country":"US","agency":"IA","sensor":"VIIRS-I · NOAA-20","detected":"2026-10-10T19:37:00Z","intensity":3020,"area_ha":null,"level":1}},{"type":"Feature","geometry":{"type":"Point","coordinates":[-98.0405,41.112]},"properties":{"source":"cwfis","country":"US","agency":"NE","sensor":"VIIRS-I · NOAA-20","detected":"2026-10-10T19:37:00Z","intensity":2375,"area_ha":null,"level":1}},{"type":"Feature","geometry":{"type":"Point","coordinates":[-98.0451,41.1113]},"properties":{"source":"cwfis","country":"US","agency":"NE","sensor":"VIIRS-I · NOAA-20","detected":"2026-10-10T19:37:00Z","intensity":2375,"area_ha":null,"level":1}},{"type":"Feature","geometry":{"type":"Point","coordinates":[-98.0413,41.1153]},"properties":{"source":"cwfis","country":"US","agency":"NE","sensor":"VIIRS-I · NOAA-20","detected":"2026-10-10T19:37:00Z","intensity":2103,"area_ha":null,"level":1}},{"type":"Feature","geometry":{"type":"Point","coordinates":[-98.0459,41.1146]},"properties":{"source":"cwfis","country":"US","agency":"NE","sensor":"VIIRS-I · NOAA-20","detected":"2026-10-10T19:37:00Z","intensity":2375,"area_ha":null,"level":1}},{"type":"Feature","geometry":{"type":"Point","coordinates":[-98.0421,41.1186]},"properties":{"source":"cwfis","country":"US","agency":"NE","sensor":"VIIRS-I · NOAA-20","detected":"2026-10-10T19:37:00Z","intensity":1627,"area_ha":null,"level":0}},{"type":"Feature","geometry":{"type":"Point","coordinates":[-95.2046,39.3638]},"properties":{"source":"cwfis","country":"US","agency":"KS","sensor":"VIIRS-I · NOAA-20","detected":"2026-10-10T19:37:00Z","intensity":1135,"area_ha":null,"level":0}},{"type":"Feature","geometry":{"type":"Point","coordinates":[-95.2039,39.3603]},"properties":{"source":"cwfis","country":"US","agency":"KS","sensor":"VIIRS-I · NOAA-20","detected":"2026-10-10T19:37:00Z","intensity":0,"area_ha":null,"level":0}},{"type":"Feature","geometry":{"type":"Point","coordinates":[-105.3994,38.9792]},"properties":{"source":"cwfis","country":"US","agency":"CO","sensor":"VIIRS-I · NOAA-20","detected":"2026-10-10T19:37:00Z","intensity":0,"area_ha":null,"level":0}},{"type":"Feature","geometry":{"type":"Point","coordinates":[-105.407,38.9861]},"properties":{"source":"cwfis","country":"US","agency":"CO","sensor":"VIIRS-I · NOAA-20","detected":"2026-10-10T19:37:00Z","intensity":0,"area_ha":null,"level":0}},{"type":"Feature","geometry":{"type":"Point","coordinates":[-96.306,42.2467]},"properties":{"source":"cwfis","country":"US","agency":"IA","sensor":"VIIRS-I · NOAA-20","detected":"2026-10-10T19:37:00Z","intensity":1904,"area_ha":null,"level":0}},{"type":"Feature","geometry":{"type":"Point","coordinates":[-98.3108,40.8787]},"properties":{"source":"cwfis","country":"US","agency":"NE","sensor":"VIIRS-I · NOAA-20","detected":"2026-10-10T19:37:00Z","intensity":2788,"area_ha":null,"level":1}},{"type":"Feature","geometry":{"type":"Point","coordinates":[-93.2125,39.8947]},"properties":{"source":"cwfis","country":"US","agency":"MO","sensor":"VIIRS-I · NOAA-20","detected":"2026-10-10T19:37:00Z","intensity":0,"area_ha":null,"level":0}},{"type":"Feature","geometry":{"type":"Point","coordinates":[-93.2187,39.894]},"properties":{"source":"cwfis","country":"US","agency":"MO","sensor":"VIIRS-I · NOAA-20","detected":"2026-10-10T19:37:00Z","intensity":0,"area_ha":null,"level":0}},{"type":"Feature","geometry":{"type":"Point","coordinates":[-93.2136,39.8918]},"properties":{"source":"cwfis","country":"US","agency":"MO","sensor":"VIIRS-I · NOAA-20","detected":"2026-10-10T19:37:00Z","intensity":0,"area_ha":null,"level":0}},{"type":"Feature","geometry":{"type":"Point","coordinates":[-105.4025,38.987]},"properties":{"source":"cwfis","country":"US","agency":"CO","sensor":"VIIRS-I · NOAA-20","detected":"2026-10-10T19:37:00Z","intensity":0,"area_ha":null,"level":0}},{"type":"Feature","geometry":{"type":"Point","coordinates":[-91.406,42.9291]},"properties":{"source":"cwfis","country":"US","agency":"IA","sensor":"VIIRS-I · NOAA-20","detected":"2026-10-10T19:37:00Z","intensity":2,"area_ha":null,"level":0}},{"type":"Feature","geometry":{"type":"Point","coordinates":[-105.3966,38.9841]},"properties":{"source":"cwfis","country":"US","agency":"CO","sensor":"VIIRS-I · NOAA-20","detected":"2026-10-10T19:37:00Z","intensity":0,"area_ha":null,"level":0}},{"type":"Feature","geometry":{"type":"Point","coordinates":[-105.4009,38.9831]},"properties":{"source":"cwfis","country":"US","agency":"CO","sensor":"VIIRS-I · NOAA-20","detected":"2026-10-10T19:37:00Z","intensity":0,"area_ha":null,"level":0}},{"type":"Feature","geometry":{"type":"Point","coordinates":[-105.4054,38.9821]},"properties":{"source":"cwfis","country":"US","agency":"CO","sensor":"VIIRS-I · NOAA-20","detected":"2026-10-10T19:37:00Z","intensity":0,"area_ha":null,"level":0}},{"type":"Feature","geometry":{"type":"Point","coordinates":[-94.2085,39.4775]},"properties":{"source":"cwfis","country":"US","agency":"MO","sensor":"VIIRS-I · NOAA-20","detected":"2026-10-10T19:37:00Z","intensity":0,"area_ha":null,"level":0}},{"type":"Feature","geometry":{"type":"Point","coordinates":[-96.7295,43.3872]},"properties":{"source":"cwfis","country":"US","agency":"SD","sensor":"VIIRS-I · NOAA-20","detected":"2026-10-10T19:38:00Z","intensity":5704,"area_ha":null,"level":1}},{"type":"Feature","geometry":{"type":"Point","coordinates":[-96.7287,43.3838]},"properties":{"source":"cwfis","country":"US","agency":"SD","sensor":"VIIRS-I · NOAA-20","detected":"2026-10-10T19:38:00Z","intensity":2854,"area_ha":null,"level":1}},{"type":"Feature","geometry":{"type":"Point","coordinates":[-95.4543,44.2806]},"properties":{"source":"cwfis","country":"US","agency":"MN","sensor":"VIIRS-I · NOAA-20","detected":"2026-10-10T19:38:00Z","intensity":1967,"area_ha":null,"level":0}},{"type":"Feature","geometry":{"type":"Point","coordinates":[-95.4483,44.2813]},"properties":{"source":"cwfis","country":"US","agency":"MN","sensor":"VIIRS-I · NOAA-20","detected":"2026-10-10T19:38:00Z","intensity":1967,"area_ha":null,"level":0}},{"type":"Feature","geometry":{"type":"Point","coordinates":[-93.5583,44.5049]},"properties":{"source":"cwfis","country":"US","agency":"MN","sensor":"VIIRS-I · NOAA-20","detected":"2026-10-10T19:38:00Z","intensity":752,"area_ha":null,"level":0}},{"type":"Feature","geometry":{"type":"Point","coordinates":[-96.6749,45.8471]},"properties":{"source":"cwfis","country":"US","agency":"SD","sensor":"VIIRS-I · NOAA-20","detected":"2026-10-10T19:38:00Z","intensity":3119,"area_ha":null,"level":1}},{"type":"Feature","geometry":{"type":"Point","coordinates":[-96.6799,45.8429]},"properties":{"source":"cwfis","country":"US","agency":"SD","sensor":"VIIRS-I · NOAA-20","detected":"2026-10-10T19:38:00Z","intensity":4858,"area_ha":null,"level":1}},{"type":"Feature","geometry":{"type":"Point","coordinates":[-96.6741,45.8435]},"properties":{"source":"cwfis","country":"US","agency":"SD","sensor":"VIIRS-I · NOAA-20","detected":"2026-10-10T19:38:00Z","intensity":3119,"area_ha":null,"level":1}},{"type":"Feature","geometry":{"type":"Point","coordinates":[-96.6791,45.8393]},"properties":{"source":"cwfis","country":"US","agency":"SD","sensor":"VIIRS-I · NOAA-20","detected":"2026-10-10T19:38:00Z","intensity":3119,"area_ha":null,"level":1}},{"type":"Feature","geometry":{"type":"Point","coordinates":[-97.2296,45.3011]},"properties":{"source":"cwfis","country":"US","agency":"SD","sensor":"VIIRS-I · NOAA-20","detected":"2026-10-10T19:38:00Z","intensity":2922,"area_ha":null,"level":1}},{"type":"Feature","geometry":{"type":"Point","coordinates":[-88.2106,45.6293]},"properties":{"source":"cwfis","country":"US","agency":"WI","sensor":"VIIRS-I · NOAA-20","detected":"2026-10-10T19:38:00Z","intensity":0,"area_ha":null,"level":0}},{"type":"Feature","geometry":{"type":"Point","coordinates":[-87.6182,46.5916]},"properties":{"source":"cwfis","country":"US","agency":"MI","sensor":"VIIRS-I · NOAA-20","detected":"2026-10-10T19:38:00Z","intensity":6102,"area_ha":null,"level":1}},{"type":"Feature","geometry":{"type":"Point","coordinates":[-97.2288,45.2976]},"properties":{"source":"cwfis","country":"US","agency":"SD","sensor":"VIIRS-I · NOAA-20","detected":"2026-10-10T19:38:00Z","intensity":1493,"area_ha":null,"level":0}},{"type":"Feature","geometry":{"type":"Point","coordinates":[-98.0211,42.6096]},"properties":{"source":"cwfis","country":"US","agency":"NE","sensor":"VIIRS-I · NOAA-20","detected":"2026-10-10T19:38:00Z","intensity":0,"area_ha":null,"level":0}},{"type":"Feature","geometry":{"type":"Point","coordinates":[-93.8176,45.513]},"properties":{"source":"cwfis","country":"US","agency":"MN","sensor":"VIIRS-I · NOAA-20","detected":"2026-10-10T19:38:00Z","intensity":1148,"area_ha":null,"level":0}},{"type":"Feature","geometry":{"type":"Point","coordinates":[-93.8169,45.509]},"properties":{"source":"cwfis","country":"US","agency":"MN","sensor":"VIIRS-I · NOAA-20","detected":"2026-10-10T19:38:00Z","intensity":1037,"area_ha":null,"level":0}},{"type":"Feature","geometry":{"type":"Point","coordinates":[-99.1333,47.5315]},"properties":{"source":"cwfis","country":"US","agency":"ND","sensor":"VIIRS-I · NOAA-20","detected":"2026-10-10T19:39:00Z","intensity":177,"area_ha":null,"level":0}},{"type":"Feature","geometry":{"type":"Point","coordinates":[-99.428,48.7229]},"properties":{"source":"cwfis","country":"US","agency":"ND","sensor":"VIIRS-I · NOAA-20","detected":"2026-10-10T19:39:00Z","intensity":505,"area_ha":null,"level":0}},{"type":"Feature","geometry":{"type":"Point","coordinates":[-97.4437,49.2168]},"properties":{"source":"cwfis","country":"CA","agency":"MB","sensor":"VIIRS-I · NOAA-20","detected":"2026-10-10T19:39:00Z","intensity":163,"area_ha":null,"level":0}},{"type":"Feature","geometry":{"type":"Point","coordinates":[-97.45,49.2161]},"properties":{"source":"cwfis","country":"CA","agency":"MB","sensor":"VIIRS-I · NOAA-20","detected":"2026-10-10T19:39:00Z","intensity":186,"area_ha":null,"level":0}},{"type":"Feature","geometry":{"type":"Point","coordinates":[-98.9337,49.0353]},"properties":{"source":"cwfis","country":"CA","agency":"MB","sensor":"VIIRS-I · NOAA-20","detected":"2026-10-10T19:39:00Z","intensity":145,"area_ha":null,"level":0}},{"type":"Feature","geometry":{"type":"Point","coordinates":[-98.8123,49.1697]},"properties":{"source":"cwfis","country":"CA","agency":"MB","sensor":"VIIRS-I · NOAA-20","detected":"2026-10-10T19:39:00Z","intensity":250,"area_ha":null,"level":0}},{"type":"Feature","geometry":{"type":"Point","coordinates":[-97.451,49.2197]},"properties":{"source":"cwfis","country":"CA","agency":"MB","sensor":"VIIRS-I · NOAA-20","detected":"2026-10-10T19:39:00Z","intensity":186,"area_ha":null,"level":0}},{"type":"Feature","geometry":{"type":"Point","coordinates":[-99.2754,47.4354]},"properties":{"source":"cwfis","country":"US","agency":"ND","sensor":"VIIRS-I · NOAA-20","detected":"2026-10-10T19:39:00Z","intensity":0,"area_ha":null,"level":0}},{"type":"Feature","geometry":{"type":"Point","coordinates":[-99.2744,47.432]},"properties":{"source":"cwfis","country":"US","agency":"ND","sensor":"VIIRS-I · NOAA-20","detected":"2026-10-10T19:39:00Z","intensity":0,"area_ha":null,"level":0}},{"type":"Feature","geometry":{"type":"Point","coordinates":[-99.4866,47.3688]},"properties":{"source":"cwfis","country":"US","agency":"ND","sensor":"VIIRS-I · NOAA-20","detected":"2026-10-10T19:39:00Z","intensity":0,"area_ha":null,"level":0}},{"type":"Feature","geometry":{"type":"Point","coordinates":[-98.5507,48.5161]},"properties":{"source":"cwfis","country":"US","agency":"ND","sensor":"VIIRS-I · NOAA-20","detected":"2026-10-10T19:39:00Z","intensity":106,"area_ha":null,"level":0}},{"type":"Feature","geometry":{"type":"Point","coordinates":[-98.835,48.6726]},"properties":{"source":"cwfis","country":"US","agency":"ND","sensor":"VIIRS-I · NOAA-20","detected":"2026-10-10T19:39:00Z","intensity":378,"area_ha":null,"level":0}},{"type":"Feature","geometry":{"type":"Point","coordinates":[-102.9117,48.0945]},"properties":{"source":"cwfis","country":"US","agency":"ND","sensor":"VIIRS-I · NOAA-20","detected":"2026-10-10T19:39:00Z","intensity":0,"area_ha":null,"level":0}},{"type":"Feature","geometry":{"type":"Point","coordinates":[-102.7954,48.0034]},"properties":{"source":"cwfis","country":"US","agency":"ND","sensor":"VIIRS-I · NOAA-20","detected":"2026-10-10T19:39:00Z","intensity":0,"area_ha":null,"level":0}},{"type":"Feature","geometry":{"type":"Point","coordinates":[-97.4053,49.2437]},"properties":{"source":"cwfis","country":"CA","agency":"MB","sensor":"VIIRS-I · NOAA-20","detected":"2026-10-10T19:39:00Z","intensity":176,"area_ha":null,"level":0}},{"type":"Feature","geometry":{"type":"Point","coordinates":[-98.8133,49.1732]},"properties":{"source":"cwfis","country":"CA","agency":"MB","sensor":"VIIRS-I · NOAA-20","detected":"2026-10-10T19:39:00Z","intensity":139,"area_ha":null,"level":0}},{"type":"Feature","geometry":{"type":"Point","coordinates":[-98.5497,48.5127]},"properties":{"source":"cwfis","country":"US","agency":"ND","sensor":"VIIRS-I · NOAA-20","detected":"2026-10-10T19:39:00Z","intensity":151,"area_ha":null,"level":0}},{"type":"Feature","geometry":{"type":"Point","coordinates":[-99.4325,48.7188]},"properties":{"source":"cwfis","country":"US","agency":"ND","sensor":"VIIRS-I · NOAA-20","detected":"2026-10-10T19:39:00Z","intensity":0,"area_ha":null,"level":0}},{"type":"Feature","geometry":{"type":"Point","coordinates":[-99.4335,48.7222]},"properties":{"source":"cwfis","country":"US","agency":"ND","sensor":"VIIRS-I · NOAA-20","detected":"2026-10-10T19:39:00Z","intensity":0,"area_ha":null,"level":0}},{"type":"Feature","geometry":{"type":"Point","coordinates":[-99.435,49.2759]},"properties":{"source":"cwfis","country":"CA","agency":"MB","sensor":"VIIRS-I · NOAA-20","detected":"2026-10-10T19:39:00Z","intensity":36,"area_ha":null,"level":0}},{"type":"Feature","geometry":{"type":"Point","coordinates":[-99.4293,49.2766]},"properties":{"source":"cwfis","country":"CA","agency":"MB","sensor":"VIIRS-I · NOAA-20","detected":"2026-10-10T19:39:00Z","intensity":126,"area_ha":null,"level":0}},{"type":"Feature","geometry":{"type":"Point","coordinates":[-97.228,49.3781]},"properties":{"source":"cwfis","country":"CA","agency":"MB","sensor":"VIIRS-I · NOAA-20","detected":"2026-10-10T19:39:00Z","intensity":768,"area_ha":null,"level":0}},{"type":"Feature","geometry":{"type":"Point","coordinates":[-97.2271,49.3744]},"properties":{"source":"cwfis","country":"CA","agency":"MB","sensor":"VIIRS-I · NOAA-20","detected":"2026-10-10T19:39:00Z","intensity":768,"area_ha":null,"level":0}},{"type":"Feature","geometry":{"type":"Point","coordinates":[-98.0161,48.2492]},"properties":{"source":"cwfis","country":"US","agency":"ND","sensor":"VIIRS-I · NOAA-20","detected":"2026-10-10T19:39:00Z","intensity":0,"area_ha":null,"level":0}},{"type":"Feature","geometry":{"type":"Point","coordinates":[-98.9327,49.0318]},"properties":{"source":"cwfis","country":"CA","agency":"MB","sensor":"VIIRS-I · NOAA-20","detected":"2026-10-10T19:39:00Z","intensity":145,"area_ha":null,"level":0}},{"type":"Feature","geometry":{"type":"Point","coordinates":[-117.1042,47.08]},"properties":{"source":"cwfis","country":"US","agency":"WA","sensor":"VIIRS-I · NOAA-20","detected":"2026-10-10T19:40:00Z","intensity":1344,"area_ha":null,"level":0}},{"type":"Feature","geometry":{"type":"Point","coordinates":[-117.1068,47.0829]},"properties":{"source":"cwfis","country":"US","agency":"WA","sensor":"VIIRS-I · NOAA-20","detected":"2026-10-10T19:40:00Z","intensity":1140,"area_ha":null,"level":0}},{"type":"Feature","geometry":{"type":"Point","coordinates":[-117.4319,46.7877]},"properties":{"source":"cwfis","country":"US","agency":"WA","sensor":"VIIRS-I · NOAA-20","detected":"2026-10-10T19:40:00Z","intensity":111,"area_ha":null,"level":0}},{"type":"Feature","geometry":{"type":"Point","coordinates":[-117.3495,46.7294]},"properties":{"source":"cwfis","country":"US","agency":"WA","sensor":"VIIRS-I · NOAA-20","detected":"2026-10-10T19:40:00Z","intensity":148,"area_ha":null,"level":0}},{"type":"Feature","geometry":{"type":"Point","coordinates":[-117.2418,47.1602]},"properties":{"source":"cwfis","country":"US","agency":"WA","sensor":"VIIRS-I · NOAA-20","detected":"2026-10-10T19:40:00Z","intensity":1342,"area_ha":null,"level":0}},{"type":"Feature","geometry":{"type":"Point","coordinates":[-117.2472,47.1586]},"properties":{"source":"cwfis","country":"US","agency":"WA","sensor":"VIIRS-I · NOAA-20","detected":"2026-10-10T19:40:00Z","intensity":1479,"area_ha":null,"level":0}},{"type":"Feature","geometry":{"type":"Point","coordinates":[-117.1095,47.0783]},"properties":{"source":"cwfis","country":"US","agency":"WA","sensor":"VIIRS-I · NOAA-20","detected":"2026-10-10T19:40:00Z","intensity":1720,"area_ha":null,"level":0}},{"type":"Feature","geometry":{"type":"Point","coordinates":[-117.3459,46.724]},"properties":{"source":"cwfis","country":"US","agency":"WA","sensor":"VIIRS-I · NOAA-20","detected":"2026-10-10T19:40:00Z","intensity":111,"area_ha":null,"level":0}},{"type":"Feature","geometry":{"type":"Point","coordinates":[-118.1409,46.1185]},"properties":{"source":"cwfis","country":"US","agency":"WA","sensor":"VIIRS-I · NOAA-20","detected":"2026-10-10T19:40:00Z","intensity":8002,"area_ha":null,"level":1}},{"type":"Feature","geometry":{"type":"Point","coordinates":[-118.1366,46.1131]},"properties":{"source":"cwfis","country":"US","agency":"WA","sensor":"VIIRS-I · NOAA-20","detected":"2026-10-10T19:40:00Z","intensity":13531,"area_ha":null,"level":2}},{"type":"Feature","geometry":{"type":"Point","coordinates":[-118.3703,46.2641]},"properties":{"source":"cwfis","country":"US","agency":"WA","sensor":"VIIRS-I · NOAA-20","detected":"2026-10-10T19:40:00Z","intensity":1342,"area_ha":null,"level":0}},{"type":"Feature","geometry":{"type":"Point","coordinates":[-100.0372,51.1156]},"properties":{"source":"cwfis","country":"CA","agency":"MB","sensor":"VIIRS-I · NOAA-20","detected":"2026-10-10T19:40:00Z","intensity":164,"area_ha":null,"level":0}},{"type":"Feature","geometry":{"type":"Point","coordinates":[-101.924,50.0222]},"properties":{"source":"cwfis","country":"CA","agency":"SK","sensor":"VIIRS-I · NOAA-20","detected":"2026-10-10T19:40:00Z","intensity":668,"area_ha":null,"level":0}},{"type":"Feature","geometry":{"type":"Point","coordinates":[-99.3261,50.4109]},"properties":{"source":"cwfis","country":"CA","agency":"MB","sensor":"VIIRS-I · NOAA-20","detected":"2026-10-10T19:40:00Z","intensity":338,"area_ha":null,"level":0}},{"type":"Feature","geometry":{"type":"Point","coordinates":[-99.3271,50.4143]},"properties":{"source":"cwfis","country":"CA","agency":"MB","sensor":"VIIRS-I · NOAA-20","detected":"2026-10-10T19:40:00Z","intensity":133,"area_ha":null,"level":0}},{"type":"Feature","geometry":{"type":"Point","coordinates":[-101.3377,49.4687]},"properties":{"source":"cwfis","country":"CA","agency":"MB","sensor":"VIIRS-I · NOAA-20","detected":"2026-10-10T19:40:00Z","intensity":106,"area_ha":null,"level":0}},{"type":"Feature","geometry":{"type":"Point","coordinates":[-100.8538,51.1356]},"properties":{"source":"cwfis","country":"CA","agency":"MB","sensor":"VIIRS-I · NOAA-20","detected":"2026-10-10T19:40:00Z","intensity":0,"area_ha":null,"level":0}},{"type":"Feature","geometry":{"type":"Point","coordinates":[-100.8527,51.1322]},"properties":{"source":"cwfis","country":"CA","agency":"MB","sensor":"VIIRS-I · NOAA-20","detected":"2026-10-10T19:40:00Z","intensity":0,"area_ha":null,"level":0}},{"type":"Feature","geometry":{"type":"Point","coordinates":[-118.2788,46.3078]},"properties":{"source":"cwfis","country":"US","agency":"WA","sensor":"VIIRS-I · NOAA-20","detected":"2026-10-10T19:40:00Z","intensity":1858,"area_ha":null,"level":0}},{"type":"Feature","geometry":{"type":"Point","coordinates":[-118.2851,46.3057]},"properties":{"source":"cwfis","country":"US","agency":"WA","sensor":"VIIRS-I · NOAA-20","detected":"2026-10-10T19:40:00Z","intensity":1085,"area_ha":null,"level":0}},{"type":"Feature","geometry":{"type":"Point","coordinates":[-118.2894,46.3112]},"properties":{"source":"cwfis","country":"US","agency":"WA","sensor":"VIIRS-I · NOAA-20","detected":"2026-10-10T19:40:00Z","intensity":1112,"area_ha":null,"level":0}},{"type":"Feature","geometry":{"type":"Point","coordinates":[-98.9478,50.2519]},"properties":{"source":"cwfis","country":"CA","agency":"MB","sensor":"VIIRS-I · NOAA-20","detected":"2026-10-10T19:40:00Z","intensity":0,"area_ha":null,"level":0}},{"type":"Feature","geometry":{"type":"Point","coordinates":[-100.5671,50.6781]},"properties":{"source":"cwfis","country":"CA","agency":"MB","sensor":"VIIRS-I · NOAA-20","detected":"2026-10-10T19:40:00Z","intensity":0,"area_ha":null,"level":0}},{"type":"Feature","geometry":{"type":"Point","coordinates":[-117.3404,46.7258]},"properties":{"source":"cwfis","country":"US","agency":"WA","sensor":"VIIRS-I · NOAA-20","detected":"2026-10-10T19:40:00Z","intensity":135,"area_ha":null,"level":0}},{"type":"Feature","geometry":{"type":"Point","coordinates":[-118.3745,46.2696]},"properties":{"source":"cwfis","country":"US","agency":"WA","sensor":"VIIRS-I · NOAA-20","detected":"2026-10-10T19:40:00Z","intensity":1084,"area_ha":null,"level":0}},{"type":"Feature","geometry":{"type":"Point","coordinates":[-118.3641,46.2661]},"properties":{"source":"cwfis","country":"US","agency":"WA","sensor":"VIIRS-I · NOAA-20","detected":"2026-10-10T19:40:00Z","intensity":1239,"area_ha":null,"level":0}},{"type":"Feature","geometry":{"type":"Point","coordinates":[-100.5518,51.281]},"properties":{"source":"cwfis","country":"CA","agency":"MB","sensor":"VIIRS-I · NOAA-20","detected":"2026-10-10T19:40:00Z","intensity":150,"area_ha":null,"level":0}},{"type":"Feature","geometry":{"type":"Point","coordinates":[-100.546,51.2818]},"properties":{"source":"cwfis","country":"CA","agency":"MB","sensor":"VIIRS-I · NOAA-20","detected":"2026-10-10T19:40:00Z","intensity":150,"area_ha":null,"level":0}},{"type":"Feature","geometry":{"type":"Point","coordinates":[-100.5471,51.2852]},"properties":{"source":"cwfis","country":"CA","agency":"MB","sensor":"VIIRS-I · NOAA-20","detected":"2026-10-10T19:40:00Z","intensity":150,"area_ha":null,"level":0}},{"type":"Feature","geometry":{"type":"Point","coordinates":[-100.8016,50.6683]},"properties":{"source":"cwfis","country":"CA","agency":"MB","sensor":"VIIRS-I · NOAA-20","detected":"2026-10-10T19:40:00Z","intensity":193,"area_ha":null,"level":0}},{"type":"Feature","geometry":{"type":"Point","coordinates":[-100.4554,51.2163]},"properties":{"source":"cwfis","country":"CA","agency":"MB","sensor":"VIIRS-I · NOAA-20","detected":"2026-10-10T19:40:00Z","intensity":112,"area_ha":null,"level":0}},{"type":"Feature","geometry":{"type":"Point","coordinates":[-99.9378,51.1707]},"properties":{"source":"cwfis","country":"CA","agency":"MB","sensor":"VIIRS-I · NOAA-20","detected":"2026-10-10T19:40:00Z","intensity":183,"area_ha":null,"level":0}},{"type":"Feature","geometry":{"type":"Point","coordinates":[-126.0437,54.5701]},"properties":{"source":"cwfis","country":"CA","agency":"BC","sensor":"VIIRS-I · NOAA-20","detected":"2026-10-10T19:42:00Z","intensity":0,"area_ha":null,"level":0}},{"type":"Feature","geometry":{"type":"Point","coordinates":[-126.0365,54.5801]},"properties":{"source":"cwfis","country":"CA","agency":"BC","sensor":"VIIRS-I · NOAA-20","detected":"2026-10-10T19:42:00Z","intensity":0,"area_ha":null,"level":0}},{"type":"Feature","geometry":{"type":"Point","coordinates":[-126.0428,54.5777]},"properties":{"source":"cwfis","country":"CA","agency":"BC","sensor":"VIIRS-I · NOAA-20","detected":"2026-10-10T19:42:00Z","intensity":0,"area_ha":null,"level":0}},{"type":"Feature","geometry":{"type":"Point","coordinates":[-126.0557,54.5729]},"properties":{"source":"cwfis","country":"CA","agency":"BC","sensor":"VIIRS-I · NOAA-20","detected":"2026-10-10T19:42:00Z","intensity":0,"area_ha":null,"level":0}},{"type":"Feature","geometry":{"type":"Point","coordinates":[-126.4487,54.5962]},"properties":{"source":"cwfis","country":"CA","agency":"BC","sensor":"VIIRS-I · NOAA-20","detected":"2026-10-10T19:42:00Z","intensity":0,"area_ha":null,"level":0}},{"type":"Feature","geometry":{"type":"Point","coordinates":[-124.3016,54.0859]},"properties":{"source":"cwfis","country":"CA","agency":"BC","sensor":"VIIRS-I · NOAA-20","detected":"2026-10-10T19:42:00Z","intensity":13,"area_ha":null,"level":0}},{"type":"Feature","geometry":{"type":"Point","coordinates":[-126.0422,54.5853]},"properties":{"source":"cwfis","country":"CA","agency":"BC","sensor":"VIIRS-I · NOAA-20","detected":"2026-10-10T19:42:00Z","intensity":0,"area_ha":null,"level":0}},{"type":"Feature","geometry":{"type":"Point","coordinates":[-126.4415,54.5989]},"properties":{"source":"cwfis","country":"CA","agency":"BC","sensor":"VIIRS-I · NOAA-20","detected":"2026-10-10T19:42:00Z","intensity":0,"area_ha":null,"level":0}},{"type":"Feature","geometry":{"type":"Point","coordinates":[-126.4361,54.5935]},"properties":{"source":"cwfis","country":"CA","agency":"BC","sensor":"VIIRS-I · NOAA-20","detected":"2026-10-10T19:42:00Z","intensity":0,"area_ha":null,"level":0}},{"type":"Feature","geometry":{"type":"Point","coordinates":[-126.0318,54.5729]},"properties":{"source":"cwfis","country":"CA","agency":"BC","sensor":"VIIRS-I · NOAA-20","detected":"2026-10-10T19:42:00Z","intensity":0,"area_ha":null,"level":0}},{"type":"Feature","geometry":{"type":"Point","coordinates":[-126.0374,54.5724]},"properties":{"source":"cwfis","country":"CA","agency":"BC","sensor":"VIIRS-I · NOAA-20","detected":"2026-10-10T19:42:00Z","intensity":0,"area_ha":null,"level":0}},{"type":"Feature","geometry":{"type":"Point","coordinates":[-124.7732,55.4726]},"properties":{"source":"cwfis","country":"CA","agency":"BC","sensor":"VIIRS-I · NOAA-20","detected":"2026-10-10T19:43:00Z","intensity":0,"area_ha":null,"level":0}},{"type":"Feature","geometry":{"type":"Point","coordinates":[-126.7899,55.1594]},"properties":{"source":"cwfis","country":"CA","agency":"BC","sensor":"VIIRS-I · NOAA-20","detected":"2026-10-10T19:43:00Z","intensity":0,"area_ha":null,"level":0}},{"type":"Feature","geometry":{"type":"Point","coordinates":[-126.7825,55.1854]},"properties":{"source":"cwfis","country":"CA","agency":"BC","sensor":"VIIRS-I · NOAA-20","detected":"2026-10-10T19:43:00Z","intensity":0,"area_ha":null,"level":0}},{"type":"Feature","geometry":{"type":"Point","coordinates":[-126.7949,55.1649]},"properties":{"source":"cwfis","country":"CA","agency":"BC","sensor":"VIIRS-I · NOAA-20","detected":"2026-10-10T19:43:00Z","intensity":0,"area_ha":null,"level":0}},{"type":"Feature","geometry":{"type":"Point","coordinates":[-126.7849,55.176]},"properties":{"source":"cwfis","country":"CA","agency":"BC","sensor":"VIIRS-I · NOAA-20","detected":"2026-10-10T19:43:00Z","intensity":0,"area_ha":null,"level":0}},{"type":"Feature","geometry":{"type":"Point","coordinates":[-126.7781,55.1785]},"properties":{"source":"cwfis","country":"CA","agency":"BC","sensor":"VIIRS-I · NOAA-20","detected":"2026-10-10T19:43:00Z","intensity":0,"area_ha":null,"level":0}},{"type":"Feature","geometry":{"type":"Point","coordinates":[-126.7896,55.1827]},"properties":{"source":"cwfis","country":"CA","agency":"BC","sensor":"VIIRS-I · NOAA-20","detected":"2026-10-10T19:43:00Z","intensity":0,"area_ha":null,"level":0}},{"type":"Feature","geometry":{"type":"Point","coordinates":[-124.7609,55.4769]},"properties":{"source":"cwfis","country":"CA","agency":"BC","sensor":"VIIRS-I · NOAA-20","detected":"2026-10-10T19:43:00Z","intensity":0,"area_ha":null,"level":0}},{"type":"Feature","geometry":{"type":"Point","coordinates":[-124.7669,55.4748]},"properties":{"source":"cwfis","country":"CA","agency":"BC","sensor":"VIIRS-I · NOAA-20","detected":"2026-10-10T19:43:00Z","intensity":0,"area_ha":null,"level":0}},{"type":"Feature","geometry":{"type":"Point","coordinates":[-124.7718,55.4799]},"properties":{"source":"cwfis","country":"CA","agency":"BC","sensor":"VIIRS-I · NOAA-20","detected":"2026-10-10T19:43:00Z","intensity":0,"area_ha":null,"level":0}},{"type":"Feature","geometry":{"type":"Point","coordinates":[-124.7658,55.4819]},"properties":{"source":"cwfis","country":"CA","agency":"BC","sensor":"VIIRS-I · NOAA-20","detected":"2026-10-10T19:43:00Z","intensity":0,"area_ha":null,"level":0}},{"type":"Feature","geometry":{"type":"Point","coordinates":[-126.6734,54.8386]},"properties":{"source":"cwfis","country":"CA","agency":"BC","sensor":"VIIRS-I · NOAA-20","detected":"2026-10-10T19:43:00Z","intensity":0,"area_ha":null,"level":0}},{"type":"Feature","geometry":{"type":"Point","coordinates":[-126.5843,54.9686]},"properties":{"source":"cwfis","country":"CA","agency":"BC","sensor":"VIIRS-I · NOAA-20","detected":"2026-10-10T19:43:00Z","intensity":0,"area_ha":null,"level":0}},{"type":"Feature","geometry":{"type":"Point","coordinates":[-84.6019,45.5704]},"properties":{"source":"cwfis","country":"US","agency":"MI","sensor":"MODIS","detected":"2026-10-10T20:06:00Z","intensity":323,"area_ha":null,"level":0}},{"type":"Feature","geometry":{"type":"Point","coordinates":[-88.2233,45.6251]},"properties":{"source":"cwfis","country":"US","agency":"WI","sensor":"MODIS","detected":"2026-10-10T20:06:00Z","intensity":0,"area_ha":null,"level":0}},{"type":"Feature","geometry":{"type":"Point","coordinates":[-88.2349,45.6309]},"properties":{"source":"cwfis","country":"US","agency":"WI","sensor":"MODIS","detected":"2026-10-10T20:06:00Z","intensity":0,"area_ha":null,"level":0}},{"type":"Feature","geometry":{"type":"Point","coordinates":[-84.4797,45.476]},"properties":{"source":"cwfis","country":"US","agency":"MI","sensor":"MODIS","detected":"2026-10-10T20:06:00Z","intensity":0,"area_ha":null,"level":0}},{"type":"Feature","geometry":{"type":"Point","coordinates":[-98.4809,26.5534]},"properties":{"source":"cwfis","country":"US","agency":"TX","sensor":"VIIRS-I · NOAA-21","detected":"2026-10-10T20:17:00Z","intensity":0,"area_ha":null,"level":0}},{"type":"Feature","geometry":{"type":"Point","coordinates":[-96.6066,29.1052]},"properties":{"source":"cwfis","country":"US","agency":"TX","sensor":"VIIRS-I · NOAA-21","detected":"2026-10-10T20:18:00Z","intensity":0,"area_ha":null,"level":0}},{"type":"Feature","geometry":{"type":"Point","coordinates":[-99.0579,30.3718]},"properties":{"source":"cwfis","country":"US","agency":"TX","sensor":"VIIRS-I · NOAA-21","detected":"2026-10-10T20:18:00Z","intensity":0,"area_ha":null,"level":0}},{"type":"Feature","geometry":{"type":"Point","coordinates":[-99.0584,30.3769]},"properties":{"source":"cwfis","country":"US","agency":"TX","sensor":"VIIRS-I · NOAA-21","detected":"2026-10-10T20:18:00Z","intensity":0,"area_ha":null,"level":0}},{"type":"Feature","geometry":{"type":"Point","coordinates":[-96.61,29.1053]},"properties":{"source":"cwfis","country":"US","agency":"TX","sensor":"VIIRS-I · NOAA-21","detected":"2026-10-10T20:18:00Z","intensity":0,"area_ha":null,"level":0}},{"type":"Feature","geometry":{"type":"Point","coordinates":[-95.3743,30.2585]},"properties":{"source":"cwfis","country":"US","agency":"TX","sensor":"VIIRS-I · NOAA-21","detected":"2026-10-10T20:18:00Z","intensity":3210,"area_ha":null,"level":1}},{"type":"Feature","geometry":{"type":"Point","coordinates":[-98.1877,28.4531]},"properties":{"source":"cwfis","country":"US","agency":"TX","sensor":"VIIRS-I · NOAA-21","detected":"2026-10-10T20:18:00Z","intensity":0,"area_ha":null,"level":0}},{"type":"Feature","geometry":{"type":"Point","coordinates":[-98.1841,28.4534]},"properties":{"source":"cwfis","country":"US","agency":"TX","sensor":"VIIRS-I · NOAA-21","detected":"2026-10-10T20:18:00Z","intensity":0,"area_ha":null,"level":0}},{"type":"Feature","geometry":{"type":"Point","coordinates":[-96.3829,29.108]},"properties":{"source":"cwfis","country":"US","agency":"TX","sensor":"VIIRS-I · NOAA-21","detected":"2026-10-10T20:18:00Z","intensity":377,"area_ha":null,"level":0}},{"type":"Feature","geometry":{"type":"Point","coordinates":[-98.198,30.8093]},"properties":{"source":"cwfis","country":"US","agency":"TX","sensor":"VIIRS-I · NOAA-21","detected":"2026-10-10T20:18:00Z","intensity":0,"area_ha":null,"level":0}},{"type":"Feature","geometry":{"type":"Point","coordinates":[-98.2019,30.809]},"properties":{"source":"cwfis","country":"US","agency":"TX","sensor":"VIIRS-I · NOAA-21","detected":"2026-10-10T20:18:00Z","intensity":4209,"area_ha":null,"level":1}},{"type":"Feature","geometry":{"type":"Point","coordinates":[-94.9969,30.2441]},"properties":{"source":"cwfis","country":"US","agency":"TX","sensor":"VIIRS-I · NOAA-21","detected":"2026-10-10T20:18:00Z","intensity":503,"area_ha":null,"level":0}},{"type":"Feature","geometry":{"type":"Point","coordinates":[-94.4589,29.8993]},"properties":{"source":"cwfis","country":"US","agency":"TX","sensor":"VIIRS-I · NOAA-21","detected":"2026-10-10T20:18:00Z","intensity":0,"area_ha":null,"level":0}},{"type":"Feature","geometry":{"type":"Point","coordinates":[-98.104,34.3609]},"properties":{"source":"cwfis","country":"US","agency":"OK","sensor":"VIIRS-I · NOAA-21","detected":"2026-10-10T20:19:00Z","intensity":485,"area_ha":null,"level":0}},{"type":"Feature","geometry":{"type":"Point","coordinates":[-95.7147,33.603]},"properties":{"source":"cwfis","country":"US","agency":"TX","sensor":"VIIRS-I · NOAA-21","detected":"2026-10-10T20:19:00Z","intensity":548,"area_ha":null,"level":0}},{"type":"Feature","geometry":{"type":"Point","coordinates":[-96.0919,31.5342]},"properties":{"source":"cwfis","country":"US","agency":"TX","sensor":"VIIRS-I · NOAA-21","detected":"2026-10-10T20:19:00Z","intensity":157,"area_ha":null,"level":0}},{"type":"Feature","geometry":{"type":"Point","coordinates":[-95.0845,31.9652]},"properties":{"source":"cwfis","country":"US","agency":"TX","sensor":"VIIRS-I · NOAA-21","detected":"2026-10-10T20:19:00Z","intensity":291,"area_ha":null,"level":0}},{"type":"Feature","geometry":{"type":"Point","coordinates":[-96.0859,31.5284]},"properties":{"source":"cwfis","country":"US","agency":"TX","sensor":"VIIRS-I · NOAA-21","detected":"2026-10-10T20:19:00Z","intensity":348,"area_ha":null,"level":0}},{"type":"Feature","geometry":{"type":"Point","coordinates":[-96.0915,31.5281]},"properties":{"source":"cwfis","country":"US","agency":"TX","sensor":"VIIRS-I · NOAA-21","detected":"2026-10-10T20:19:00Z","intensity":343,"area_ha":null,"level":0}},{"type":"Feature","geometry":{"type":"Point","coordinates":[-95.6679,32.829]},"properties":{"source":"cwfis","country":"US","agency":"TX","sensor":"VIIRS-I · NOAA-21","detected":"2026-10-10T20:19:00Z","intensity":494,"area_ha":null,"level":0}},{"type":"Feature","geometry":{"type":"Point","coordinates":[-98.1001,34.3668]},"properties":{"source":"cwfis","country":"US","agency":"OK","sensor":"VIIRS-I · NOAA-21","detected":"2026-10-10T20:19:00Z","intensity":0,"area_ha":null,"level":0}},{"type":"Feature","geometry":{"type":"Point","coordinates":[-98.1045,34.3665]},"properties":{"source":"cwfis","country":"US","agency":"OK","sensor":"VIIRS-I · NOAA-21","detected":"2026-10-10T20:19:00Z","intensity":0,"area_ha":null,"level":0}},{"type":"Feature","geometry":{"type":"Point","coordinates":[-98.4115,31.2763]},"properties":{"source":"cwfis","country":"US","agency":"TX","sensor":"VIIRS-I · NOAA-21","detected":"2026-10-10T20:19:00Z","intensity":0,"area_ha":null,"level":0}},{"type":"Feature","geometry":{"type":"Point","coordinates":[-95.5698,32.3167]},"properties":{"source":"cwfis","country":"US","agency":"TX","sensor":"VIIRS-I · NOAA-21","detected":"2026-10-10T20:19:00Z","intensity":658,"area_ha":null,"level":0}},{"type":"Feature","geometry":{"type":"Point","coordinates":[-96.0844,31.5341]},"properties":{"source":"cwfis","country":"US","agency":"TX","sensor":"VIIRS-I · NOAA-21","detected":"2026-10-10T20:19:00Z","intensity":215,"area_ha":null,"level":0}},{"type":"Feature","geometry":{"type":"Point","coordinates":[-97.4775,34.2053]},"properties":{"source":"cwfis","country":"US","agency":"OK","sensor":"VIIRS-I · NOAA-21","detected":"2026-10-10T20:19:00Z","intensity":591,"area_ha":null,"level":0}},{"type":"Feature","geometry":{"type":"Point","coordinates":[-102.1102,31.3546]},"properties":{"source":"cwfis","country":"US","agency":"TX","sensor":"VIIRS-I · NOAA-21","detected":"2026-10-10T20:19:00Z","intensity":763,"area_ha":null,"level":0}},{"type":"Feature","geometry":{"type":"Point","coordinates":[-101.762,31.8576]},"properties":{"source":"cwfis","country":"US","agency":"TX","sensor":"VIIRS-I · NOAA-21","detected":"2026-10-10T20:19:00Z","intensity":1702,"area_ha":null,"level":0}},{"type":"Feature","geometry":{"type":"Point","coordinates":[-102.0613,31.9715]},"properties":{"source":"cwfis","country":"US","agency":"TX","sensor":"VIIRS-I · NOAA-21","detected":"2026-10-10T20:19:00Z","intensity":139,"area_ha":null,"level":0}},{"type":"Feature","geometry":{"type":"Point","coordinates":[-98.5217,31.0876]},"properties":{"source":"cwfis","country":"US","agency":"TX","sensor":"VIIRS-I · NOAA-21","detected":"2026-10-10T20:19:00Z","intensity":0,"area_ha":null,"level":0}},{"type":"Feature","geometry":{"type":"Point","coordinates":[-97.0609,31.7449]},"properties":{"source":"cwfis","country":"US","agency":"TX","sensor":"VIIRS-I · NOAA-21","detected":"2026-10-10T20:19:00Z","intensity":0,"area_ha":null,"level":0}},{"type":"Feature","geometry":{"type":"Point","coordinates":[-93.2545,31.3831]},"properties":{"source":"cwfis","country":"US","agency":"LA","sensor":"VIIRS-I · NOAA-21","detected":"2026-10-10T20:19:00Z","intensity":2116,"area_ha":null,"level":1}},{"type":"Feature","geometry":{"type":"Point","coordinates":[-97.1777,31.732]},"properties":{"source":"cwfis","country":"US","agency":"TX","sensor":"VIIRS-I · NOAA-21","detected":"2026-10-10T20:19:00Z","intensity":0,"area_ha":null,"level":0}},{"type":"Feature","geometry":{"type":"Point","coordinates":[-96.0954,31.5334]},"properties":{"source":"cwfis","country":"US","agency":"TX","sensor":"VIIRS-I · NOAA-21","detected":"2026-10-10T20:19:00Z","intensity":215,"area_ha":null,"level":0}},{"type":"Feature","geometry":{"type":"Point","coordinates":[-94.7775,31.6007]},"properties":{"source":"cwfis","country":"US","agency":"TX","sensor":"VIIRS-I · NOAA-21","detected":"2026-10-10T20:19:00Z","intensity":3982,"area_ha":null,"level":1}},{"type":"Feature","geometry":{"type":"Point","coordinates":[-94.7849,31.5994]},"properties":{"source":"cwfis","country":"US","agency":"TX","sensor":"VIIRS-I · NOAA-21","detected":"2026-10-10T20:19:00Z","intensity":4449,"area_ha":null,"level":1}},{"type":"Feature","geometry":{"type":"Point","coordinates":[-95.6662,32.8256]},"properties":{"source":"cwfis","country":"US","agency":"TX","sensor":"VIIRS-I · NOAA-21","detected":"2026-10-10T20:19:00Z","intensity":569,"area_ha":null,"level":0}},{"type":"Feature","geometry":{"type":"Point","coordinates":[-103.8017,34.3363]},"properties":{"source":"cwfis","country":"US","agency":"NM","sensor":"VIIRS-I · NOAA-21","detected":"2026-10-10T20:20:00Z","intensity":0,"area_ha":null,"level":0}},{"type":"Feature","geometry":{"type":"Point","coordinates":[-98.1505,34.7067]},"properties":{"source":"cwfis","country":"US","agency":"OK","sensor":"VIIRS-I · NOAA-21","detected":"2026-10-10T20:20:00Z","intensity":0,"area_ha":null,"level":0}},{"type":"Feature","geometry":{"type":"Point","coordinates":[-98.1501,34.7011]},"properties":{"source":"cwfis","country":"US","agency":"OK","sensor":"VIIRS-I · NOAA-21","detected":"2026-10-10T20:20:00Z","intensity":0,"area_ha":null,"level":0}},{"type":"Feature","geometry":{"type":"Point","coordinates":[-97.5824,37.3374]},"properties":{"source":"cwfis","country":"US","agency":"KS","sensor":"VIIRS-I · NOAA-21","detected":"2026-10-10T20:20:00Z","intensity":722,"area_ha":null,"level":0}},{"type":"Feature","geometry":{"type":"Point","coordinates":[-97.5799,37.3331]},"properties":{"source":"cwfis","country":"US","agency":"KS","sensor":"VIIRS-I · NOAA-21","detected":"2026-10-10T20:20:00Z","intensity":722,"area_ha":null,"level":0}},{"type":"Feature","geometry":{"type":"Point","coordinates":[-97.577,37.3376]},"properties":{"source":"cwfis","country":"US","agency":"KS","sensor":"VIIRS-I · NOAA-21","detected":"2026-10-10T20:20:00Z","intensity":741,"area_ha":null,"level":0}},{"type":"Feature","geometry":{"type":"Point","coordinates":[-96.1136,36.5877]},"properties":{"source":"cwfis","country":"US","agency":"OK","sensor":"VIIRS-I · NOAA-21","detected":"2026-10-10T20:20:00Z","intensity":0,"area_ha":null,"level":0}},{"type":"Feature","geometry":{"type":"Point","coordinates":[-96.1123,36.5906]},"properties":{"source":"cwfis","country":"US","agency":"OK","sensor":"VIIRS-I · NOAA-21","detected":"2026-10-10T20:20:00Z","intensity":0,"area_ha":null,"level":0}},{"type":"Feature","geometry":{"type":"Point","coordinates":[-98.1321,35.9425]},"properties":{"source":"cwfis","country":"US","agency":"OK","sensor":"VIIRS-I · NOAA-21","detected":"2026-10-10T20:20:00Z","intensity":0,"area_ha":null,"level":0}},{"type":"Feature","geometry":{"type":"Point","coordinates":[-103.8052,34.3374]},"properties":{"source":"cwfis","country":"US","agency":"NM","sensor":"VIIRS-I · NOAA-21","detected":"2026-10-10T20:20:00Z","intensity":0,"area_ha":null,"level":0}},{"type":"Feature","geometry":{"type":"Point","coordinates":[-103.8054,34.3318]},"properties":{"source":"cwfis","country":"US","agency":"NM","sensor":"VIIRS-I · NOAA-21","detected":"2026-10-10T20:20:00Z","intensity":0,"area_ha":null,"level":0}},{"type":"Feature","geometry":{"type":"Point","coordinates":[-102.1873,39.8698]},"properties":{"source":"cwfis","country":"US","agency":"CO","sensor":"VIIRS-I · NOAA-21","detected":"2026-10-10T20:21:00Z","intensity":9756,"area_ha":null,"level":1}},{"type":"Feature","geometry":{"type":"Point","coordinates":[-96.9154,38.3702]},"properties":{"source":"cwfis","country":"US","agency":"KS","sensor":"VIIRS-I · NOAA-21","detected":"2026-10-10T20:21:00Z","intensity":0,"area_ha":null,"level":0}},{"type":"Feature","geometry":{"type":"Point","coordinates":[-105.4048,38.9857]},"properties":{"source":"cwfis","country":"US","agency":"CO","sensor":"VIIRS-I · NOAA-21","detected":"2026-10-10T20:21:00Z","intensity":0,"area_ha":null,"level":0}},{"type":"Feature","geometry":{"type":"Point","coordinates":[-105.3983,38.9864]},"properties":{"source":"cwfis","country":"US","agency":"CO","sensor":"VIIRS-I · NOAA-21","detected":"2026-10-10T20:21:00Z","intensity":0,"area_ha":null,"level":0}},{"type":"Feature","geometry":{"type":"Point","coordinates":[-105.4043,38.9818]},"properties":{"source":"cwfis","country":"US","agency":"CO","sensor":"VIIRS-I · NOAA-21","detected":"2026-10-10T20:21:00Z","intensity":0,"area_ha":null,"level":0}},{"type":"Feature","geometry":{"type":"Point","coordinates":[-111.1106,40.4542]},"properties":{"source":"cwfis","country":"US","agency":"UT","sensor":"VIIRS-I · NOAA-21","detected":"2026-10-10T20:21:00Z","intensity":41787,"area_ha":null,"level":2}},{"type":"Feature","geometry":{"type":"Point","coordinates":[-105.3978,38.9825]},"properties":{"source":"cwfis","country":"US","agency":"CO","sensor":"VIIRS-I · NOAA-21","detected":"2026-10-10T20:21:00Z","intensity":0,"area_ha":null,"level":0}},{"type":"Feature","geometry":{"type":"Point","coordinates":[-95.1045,44.2991]},"properties":{"source":"cwfis","country":"US","agency":"MN","sensor":"VIIRS-I · NOAA-21","detected":"2026-10-10T20:22:00Z","intensity":1859,"area_ha":null,"level":0}},{"type":"Feature","geometry":{"type":"Point","coordinates":[-95.0958,44.2853]},"properties":{"source":"cwfis","country":"US","agency":"MN","sensor":"VIIRS-I · NOAA-21","detected":"2026-10-10T20:22:00Z","intensity":1859,"area_ha":null,"level":0}},{"type":"Feature","geometry":{"type":"Point","coordinates":[-95.1046,44.2854]},"properties":{"source":"cwfis","country":"US","agency":"MN","sensor":"VIIRS-I · NOAA-21","detected":"2026-10-10T20:22:00Z","intensity":1859,"area_ha":null,"level":0}},{"type":"Feature","geometry":{"type":"Point","coordinates":[-95.0958,44.2922]},"properties":{"source":"cwfis","country":"US","agency":"MN","sensor":"VIIRS-I · NOAA-21","detected":"2026-10-10T20:22:00Z","intensity":1859,"area_ha":null,"level":0}},{"type":"Feature","geometry":{"type":"Point","coordinates":[-95.1046,44.2922]},"properties":{"source":"cwfis","country":"US","agency":"MN","sensor":"VIIRS-I · NOAA-21","detected":"2026-10-10T20:22:00Z","intensity":1859,"area_ha":null,"level":0}},{"type":"Feature","geometry":{"type":"Point","coordinates":[-96.2031,44.933]},"properties":{"source":"cwfis","country":"US","agency":"MN","sensor":"VIIRS-I · NOAA-21","detected":"2026-10-10T20:22:00Z","intensity":1664,"area_ha":null,"level":0}},{"type":"Feature","geometry":{"type":"Point","coordinates":[-111.089,40.4682]},"properties":{"source":"cwfis","country":"US","agency":"UT","sensor":"VIIRS-I · NOAA-21","detected":"2026-10-10T20:22:00Z","intensity":168265,"area_ha":null,"level":2}},{"type":"Feature","geometry":{"type":"Point","coordinates":[-121.9391,38.8555]},"properties":{"source":"cwfis","country":"US","agency":"CA","sensor":"VIIRS-I · NOAA-21","detected":"2026-10-10T20:22:00Z","intensity":3763,"area_ha":null,"level":1}},{"type":"Feature","geometry":{"type":"Point","coordinates":[-121.8916,38.8191]},"properties":{"source":"cwfis","country":"US","agency":"CA","sensor":"VIIRS-I · NOAA-21","detected":"2026-10-10T20:22:00Z","intensity":3763,"area_ha":null,"level":1}},{"type":"Feature","geometry":{"type":"Point","coordinates":[-121.8896,38.8143]},"properties":{"source":"cwfis","country":"US","agency":"CA","sensor":"VIIRS-I · NOAA-21","detected":"2026-10-10T20:22:00Z","intensity":3763,"area_ha":null,"level":1}},{"type":"Feature","geometry":{"type":"Point","coordinates":[-121.888,38.82]},"properties":{"source":"cwfis","country":"US","agency":"CA","sensor":"VIIRS-I · NOAA-21","detected":"2026-10-10T20:22:00Z","intensity":3763,"area_ha":null,"level":1}},{"type":"Feature","geometry":{"type":"Point","coordinates":[-122.0667,39.3573]},"properties":{"source":"cwfis","country":"US","agency":"CA","sensor":"VIIRS-I · NOAA-21","detected":"2026-10-10T20:22:00Z","intensity":3001,"area_ha":null,"level":1}},{"type":"Feature","geometry":{"type":"Point","coordinates":[-121.8861,38.8152]},"properties":{"source":"cwfis","country":"US","agency":"CA","sensor":"VIIRS-I · NOAA-21","detected":"2026-10-10T20:22:00Z","intensity":1075,"area_ha":null,"level":0}},{"type":"Feature","geometry":{"type":"Point","coordinates":[-111.1411,40.6068]},"properties":{"source":"cwfis","country":"US","agency":"UT","sensor":"VIIRS-I · NOAA-21","detected":"2026-10-10T20:22:00Z","intensity":125514,"area_ha":null,"level":2}},{"type":"Feature","geometry":{"type":"Point","coordinates":[-111.1403,40.6035]},"properties":{"source":"cwfis","country":"US","agency":"UT","sensor":"VIIRS-I · NOAA-21","detected":"2026-10-10T20:22:00Z","intensity":148796,"area_ha":null,"level":2}},{"type":"Feature","geometry":{"type":"Point","coordinates":[-121.8201,38.7618]},"properties":{"source":"cwfis","country":"US","agency":"CA","sensor":"VIIRS-I · NOAA-21","detected":"2026-10-10T20:22:00Z","intensity":3273,"area_ha":null,"level":1}},{"type":"Feature","geometry":{"type":"Point","coordinates":[-122.1223,39.7613]},"properties":{"source":"cwfis","country":"US","agency":"CA","sensor":"VIIRS-I · NOAA-21","detected":"2026-10-10T20:22:00Z","intensity":11071,"area_ha":null,"level":2}},{"type":"Feature","geometry":{"type":"Point","coordinates":[-121.7372,39.3329]},"properties":{"source":"cwfis","country":"US","agency":"CA","sensor":"VIIRS-I · NOAA-21","detected":"2026-10-10T20:22:00Z","intensity":3145,"area_ha":null,"level":1}},{"type":"Feature","geometry":{"type":"Point","coordinates":[-121.7383,39.3357]},"properties":{"source":"cwfis","country":"US","agency":"CA","sensor":"VIIRS-I · NOAA-21","detected":"2026-10-10T20:22:00Z","intensity":3057,"area_ha":null,"level":1}},{"type":"Feature","geometry":{"type":"Point","coordinates":[-111.1448,40.6028]},"properties":{"source":"cwfis","country":"US","agency":"UT","sensor":"VIIRS-I · NOAA-21","detected":"2026-10-10T20:22:00Z","intensity":163194,"area_ha":null,"level":2}},{"type":"Feature","geometry":{"type":"Point","coordinates":[-111.0845,40.4688]},"properties":{"source":"cwfis","country":"US","agency":"UT","sensor":"VIIRS-I · NOAA-21","detected":"2026-10-10T20:22:00Z","intensity":155578,"area_ha":null,"level":2}},{"type":"Feature","geometry":{"type":"Point","coordinates":[-96.337,44.5891]},"properties":{"source":"cwfis","country":"US","agency":"MN","sensor":"VIIRS-I · NOAA-21","detected":"2026-10-10T20:22:00Z","intensity":0,"area_ha":null,"level":0}},{"type":"Feature","geometry":{"type":"Point","coordinates":[-96.337,44.5826]},"properties":{"source":"cwfis","country":"US","agency":"MN","sensor":"VIIRS-I · NOAA-21","detected":"2026-10-10T20:22:00Z","intensity":0,"area_ha":null,"level":0}},{"type":"Feature","geometry":{"type":"Point","coordinates":[-111.0882,40.4649]},"properties":{"source":"cwfis","country":"US","agency":"UT","sensor":"VIIRS-I · NOAA-21","detected":"2026-10-10T20:22:00Z","intensity":28694,"area_ha":null,"level":2}},{"type":"Feature","geometry":{"type":"Point","coordinates":[-97.4664,41.6833]},"properties":{"source":"cwfis","country":"US","agency":"NE","sensor":"VIIRS-I · NOAA-21","detected":"2026-10-10T20:22:00Z","intensity":2187,"area_ha":null,"level":1}},{"type":"Feature","geometry":{"type":"Point","coordinates":[-97.4725,41.6832]},"properties":{"source":"cwfis","country":"US","agency":"NE","sensor":"VIIRS-I · NOAA-21","detected":"2026-10-10T20:22:00Z","intensity":2408,"area_ha":null,"level":1}},{"type":"Feature","geometry":{"type":"Point","coordinates":[-111.1456,40.6061]},"properties":{"source":"cwfis","country":"US","agency":"UT","sensor":"VIIRS-I · NOAA-21","detected":"2026-10-10T20:22:00Z","intensity":167390,"area_ha":null,"level":2}},{"type":"Feature","geometry":{"type":"Point","coordinates":[-121.9355,38.8564]},"properties":{"source":"cwfis","country":"US","agency":"CA","sensor":"VIIRS-I · NOAA-21","detected":"2026-10-10T20:22:00Z","intensity":3763,"area_ha":null,"level":1}},{"type":"Feature","geometry":{"type":"Point","coordinates":[-122.0294,38.7841]},"properties":{"source":"cwfis","country":"US","agency":"CA","sensor":"VIIRS-I · NOAA-21","detected":"2026-10-10T20:22:00Z","intensity":11381,"area_ha":null,"level":2}},{"type":"Feature","geometry":{"type":"Point","coordinates":[-121.9543,39.7434]},"properties":{"source":"cwfis","country":"US","agency":"CA","sensor":"VIIRS-I · NOAA-21","detected":"2026-10-10T20:22:00Z","intensity":1894,"area_ha":null,"level":0}},{"type":"Feature","geometry":{"type":"Point","coordinates":[-117.4987,44.2309]},"properties":{"source":"cwfis","country":"US","agency":"OR","sensor":"VIIRS-I · NOAA-21","detected":"2026-10-10T20:23:00Z","intensity":1288,"area_ha":null,"level":0}},{"type":"Feature","geometry":{"type":"Point","coordinates":[-117.3426,46.7297]},"properties":{"source":"cwfis","country":"US","agency":"WA","sensor":"VIIRS-I · NOAA-21","detected":"2026-10-10T20:23:00Z","intensity":178,"area_ha":null,"level":0}},{"type":"Feature","geometry":{"type":"Point","coordinates":[-98.3967,47.989]},"properties":{"source":"cwfis","country":"US","agency":"ND","sensor":"VIIRS-I · NOAA-21","detected":"2026-10-10T20:23:00Z","intensity":247,"area_ha":null,"level":0}},{"type":"Feature","geometry":{"type":"Point","coordinates":[-97.9621,47.9384]},"properties":{"source":"cwfis","country":"US","agency":"ND","sensor":"VIIRS-I · NOAA-21","detected":"2026-10-10T20:23:00Z","intensity":1176,"area_ha":null,"level":0}},{"type":"Feature","geometry":{"type":"Point","coordinates":[-97.9619,47.9323]},"properties":{"source":"cwfis","country":"US","agency":"ND","sensor":"VIIRS-I · NOAA-21","detected":"2026-10-10T20:23:00Z","intensity":874,"area_ha":null,"level":0}},{"type":"Feature","geometry":{"type":"Point","coordinates":[-98.9352,47.501]},"properties":{"source":"cwfis","country":"US","agency":"ND","sensor":"VIIRS-I · NOAA-21","detected":"2026-10-10T20:23:00Z","intensity":803,"area_ha":null,"level":0}},{"type":"Feature","geometry":{"type":"Point","coordinates":[-118.4782,45.7481]},"properties":{"source":"cwfis","country":"US","agency":"OR","sensor":"VIIRS-I · NOAA-21","detected":"2026-10-10T20:23:00Z","intensity":968,"area_ha":null,"level":0}},{"type":"Feature","geometry":{"type":"Point","coordinates":[-118.3006,46.2061]},"properties":{"source":"cwfis","country":"US","agency":"WA","sensor":"VIIRS-I · NOAA-21","detected":"2026-10-10T20:23:00Z","intensity":901,"area_ha":null,"level":0}},{"type":"Feature","geometry":{"type":"Point","coordinates":[-118.2889,46.3123]},"properties":{"source":"cwfis","country":"US","agency":"WA","sensor":"VIIRS-I · NOAA-21","detected":"2026-10-10T20:23:00Z","intensity":1167,"area_ha":null,"level":0}},{"type":"Feature","geometry":{"type":"Point","coordinates":[-97.9964,48.0359]},"properties":{"source":"cwfis","country":"US","agency":"ND","sensor":"VIIRS-I · NOAA-21","detected":"2026-10-10T20:23:00Z","intensity":0,"area_ha":null,"level":0}},{"type":"Feature","geometry":{"type":"Point","coordinates":[-99.272,47.4359]},"properties":{"source":"cwfis","country":"US","agency":"ND","sensor":"VIIRS-I · NOAA-21","detected":"2026-10-10T20:23:00Z","intensity":0,"area_ha":null,"level":0}},{"type":"Feature","geometry":{"type":"Point","coordinates":[-99.276,47.4355]},"properties":{"source":"cwfis","country":"US","agency":"ND","sensor":"VIIRS-I · NOAA-21","detected":"2026-10-10T20:23:00Z","intensity":0,"area_ha":null,"level":0}},{"type":"Feature","geometry":{"type":"Point","coordinates":[-97.228,45.3024]},"properties":{"source":"cwfis","country":"US","agency":"SD","sensor":"VIIRS-I · NOAA-21","detected":"2026-10-10T20:23:00Z","intensity":3119,"area_ha":null,"level":1}},{"type":"Feature","geometry":{"type":"Point","coordinates":[-98.3927,47.9875]},"properties":{"source":"cwfis","country":"US","agency":"ND","sensor":"VIIRS-I · NOAA-21","detected":"2026-10-10T20:23:00Z","intensity":294,"area_ha":null,"level":0}},{"type":"Feature","geometry":{"type":"Point","coordinates":[-98.3861,47.9876]},"properties":{"source":"cwfis","country":"US","agency":"ND","sensor":"VIIRS-I · NOAA-21","detected":"2026-10-10T20:23:00Z","intensity":258,"area_ha":null,"level":0}},{"type":"Feature","geometry":{"type":"Point","coordinates":[-97.9691,47.9384]},"properties":{"source":"cwfis","country":"US","agency":"ND","sensor":"VIIRS-I · NOAA-21","detected":"2026-10-10T20:23:00Z","intensity":1488,"area_ha":null,"level":0}},{"type":"Feature","geometry":{"type":"Point","coordinates":[-117.4482,46.885]},"properties":{"source":"cwfis","country":"US","agency":"WA","sensor":"VIIRS-I · NOAA-21","detected":"2026-10-10T20:24:00Z","intensity":119,"area_ha":null,"level":0}},{"type":"Feature","geometry":{"type":"Point","coordinates":[-117.4414,46.8826]},"properties":{"source":"cwfis","country":"US","agency":"WA","sensor":"VIIRS-I · NOAA-21","detected":"2026-10-10T20:24:00Z","intensity":158,"area_ha":null,"level":0}},{"type":"Feature","geometry":{"type":"Point","coordinates":[-117.4437,46.8799]},"properties":{"source":"cwfis","country":"US","agency":"WA","sensor":"VIIRS-I · NOAA-21","detected":"2026-10-10T20:24:00Z","intensity":119,"area_ha":null,"level":0}},{"type":"Feature","geometry":{"type":"Point","coordinates":[-101.3404,49.471]},"properties":{"source":"cwfis","country":"CA","agency":"MB","sensor":"VIIRS-I · NOAA-21","detected":"2026-10-10T20:24:00Z","intensity":259,"area_ha":null,"level":0}},{"type":"Feature","geometry":{"type":"Point","coordinates":[-99.0695,50.8359]},"properties":{"source":"cwfis","country":"CA","agency":"MB","sensor":"VIIRS-I · NOAA-21","detected":"2026-10-10T20:24:00Z","intensity":372,"area_ha":null,"level":0}},{"type":"Feature","geometry":{"type":"Point","coordinates":[-100.8575,51.1333]},"properties":{"source":"cwfis","country":"CA","agency":"MB","sensor":"VIIRS-I · NOAA-21","detected":"2026-10-10T20:24:00Z","intensity":498,"area_ha":null,"level":0}},{"type":"Feature","geometry":{"type":"Point","coordinates":[-99.3297,50.4098]},"properties":{"source":"cwfis","country":"CA","agency":"MB","sensor":"VIIRS-I · NOAA-21","detected":"2026-10-10T20:24:00Z","intensity":310,"area_ha":null,"level":0}},{"type":"Feature","geometry":{"type":"Point","coordinates":[-99.3231,50.4099]},"properties":{"source":"cwfis","country":"CA","agency":"MB","sensor":"VIIRS-I · NOAA-21","detected":"2026-10-10T20:24:00Z","intensity":338,"area_ha":null,"level":0}},{"type":"Feature","geometry":{"type":"Point","coordinates":[-100.8517,51.1334]},"properties":{"source":"cwfis","country":"CA","agency":"MB","sensor":"VIIRS-I · NOAA-21","detected":"2026-10-10T20:24:00Z","intensity":0,"area_ha":null,"level":0}},{"type":"Feature","geometry":{"type":"Point","coordinates":[-99.3298,50.4157]},"properties":{"source":"cwfis","country":"CA","agency":"MB","sensor":"VIIRS-I · NOAA-21","detected":"2026-10-10T20:24:00Z","intensity":135,"area_ha":null,"level":0}},{"type":"Feature","geometry":{"type":"Point","coordinates":[-97.4062,49.2458]},"properties":{"source":"cwfis","country":"CA","agency":"MB","sensor":"VIIRS-I · NOAA-21","detected":"2026-10-10T20:24:00Z","intensity":176,"area_ha":null,"level":0}},{"type":"Feature","geometry":{"type":"Point","coordinates":[-99.436,49.2775]},"properties":{"source":"cwfis","country":"CA","agency":"MB","sensor":"VIIRS-I · NOAA-21","detected":"2026-10-10T20:24:00Z","intensity":0,"area_ha":null,"level":0}},{"type":"Feature","geometry":{"type":"Point","coordinates":[-100.5705,50.6716]},"properties":{"source":"cwfis","country":"CA","agency":"MB","sensor":"VIIRS-I · NOAA-21","detected":"2026-10-10T20:24:00Z","intensity":0,"area_ha":null,"level":0}},{"type":"Feature","geometry":{"type":"Point","coordinates":[-117.1458,51.4394]},"properties":{"source":"cwfis","country":"CA","agency":"BC","sensor":"VIIRS-I · NOAA-21","detected":"2026-10-10T20:25:00Z","intensity":650,"area_ha":null,"level":0}},{"type":"Feature","geometry":{"type":"Point","coordinates":[-117.1526,51.4417]},"properties":{"source":"cwfis","country":"CA","agency":"BC","sensor":"VIIRS-I · NOAA-21","detected":"2026-10-10T20:25:00Z","intensity":652,"area_ha":null,"level":0}},{"type":"Feature","geometry":{"type":"Point","coordinates":[-117.154,51.4449]},"properties":{"source":"cwfis","country":"CA","agency":"BC","sensor":"VIIRS-I · NOAA-21","detected":"2026-10-10T20:25:00Z","intensity":644,"area_ha":null,"level":0}},{"type":"Feature","geometry":{"type":"Point","coordinates":[-126.7924,55.1629]},"properties":{"source":"cwfis","country":"CA","agency":"BC","sensor":"VIIRS-I · NOAA-21","detected":"2026-10-10T20:26:00Z","intensity":0,"area_ha":null,"level":0}},{"type":"Feature","geometry":{"type":"Point","coordinates":[-126.0377,54.5736]},"properties":{"source":"cwfis","country":"CA","agency":"BC","sensor":"VIIRS-I · NOAA-21","detected":"2026-10-10T20:26:00Z","intensity":0,"area_ha":null,"level":0}},{"type":"Feature","geometry":{"type":"Point","coordinates":[-126.0402,54.5773]},"properties":{"source":"cwfis","country":"CA","agency":"BC","sensor":"VIIRS-I · NOAA-21","detected":"2026-10-10T20:26:00Z","intensity":0,"area_ha":null,"level":0}},{"type":"Feature","geometry":{"type":"Point","coordinates":[-126.0562,54.5735]},"properties":{"source":"cwfis","country":"CA","agency":"BC","sensor":"VIIRS-I · NOAA-21","detected":"2026-10-10T20:26:00Z","intensity":0,"area_ha":null,"level":0}},{"type":"Feature","geometry":{"type":"Point","coordinates":[-126.0427,54.581]},"properties":{"source":"cwfis","country":"CA","agency":"BC","sensor":"VIIRS-I · NOAA-21","detected":"2026-10-10T20:26:00Z","intensity":0,"area_ha":null,"level":0}},{"type":"Feature","geometry":{"type":"Point","coordinates":[-124.7672,55.4762]},"properties":{"source":"cwfis","country":"CA","agency":"BC","sensor":"VIIRS-I · NOAA-21","detected":"2026-10-10T20:26:00Z","intensity":0,"area_ha":null,"level":0}},{"type":"Feature","geometry":{"type":"Point","coordinates":[-124.7718,55.4832]},"properties":{"source":"cwfis","country":"CA","agency":"BC","sensor":"VIIRS-I · NOAA-21","detected":"2026-10-10T20:26:00Z","intensity":0,"area_ha":null,"level":0}},{"type":"Feature","geometry":{"type":"Point","coordinates":[-124.7747,55.4746]},"properties":{"source":"cwfis","country":"CA","agency":"BC","sensor":"VIIRS-I · NOAA-21","detected":"2026-10-10T20:26:00Z","intensity":0,"area_ha":null,"level":0}},{"type":"Feature","geometry":{"type":"Point","coordinates":[-126.7938,55.1827]},"properties":{"source":"cwfis","country":"CA","agency":"BC","sensor":"VIIRS-I · NOAA-21","detected":"2026-10-10T20:26:00Z","intensity":0,"area_ha":null,"level":0}},{"type":"Feature","geometry":{"type":"Point","coordinates":[-126.7853,55.1847]},"properties":{"source":"cwfis","country":"CA","agency":"BC","sensor":"VIIRS-I · NOAA-21","detected":"2026-10-10T20:26:00Z","intensity":0,"area_ha":null,"level":0}},{"type":"Feature","geometry":{"type":"Point","coordinates":[-126.7861,55.1818]},"properties":{"source":"cwfis","country":"CA","agency":"BC","sensor":"VIIRS-I · NOAA-21","detected":"2026-10-10T20:26:00Z","intensity":0,"area_ha":null,"level":0}},{"type":"Feature","geometry":{"type":"Point","coordinates":[-126.7778,55.1837]},"properties":{"source":"cwfis","country":"CA","agency":"BC","sensor":"VIIRS-I · NOAA-21","detected":"2026-10-10T20:26:00Z","intensity":0,"area_ha":null,"level":0}},{"type":"Feature","geometry":{"type":"Point","coordinates":[-126.0507,54.5791]},"properties":{"source":"cwfis","country":"CA","agency":"BC","sensor":"VIIRS-I · NOAA-21","detected":"2026-10-10T20:26:00Z","intensity":0,"area_ha":null,"level":0}},{"type":"Feature","geometry":{"type":"Point","coordinates":[-126.0374,54.5865]},"properties":{"source":"cwfis","country":"CA","agency":"BC","sensor":"VIIRS-I · NOAA-21","detected":"2026-10-10T20:26:00Z","intensity":0,"area_ha":null,"level":0}},{"type":"Feature","geometry":{"type":"Point","coordinates":[-126.0453,54.5847]},"properties":{"source":"cwfis","country":"CA","agency":"BC","sensor":"VIIRS-I · NOAA-21","detected":"2026-10-10T20:26:00Z","intensity":0,"area_ha":null,"level":0}},{"type":"Feature","geometry":{"type":"Point","coordinates":[-126.438,54.5942]},"properties":{"source":"cwfis","country":"CA","agency":"BC","sensor":"VIIRS-I · NOAA-21","detected":"2026-10-10T20:26:00Z","intensity":0,"area_ha":null,"level":0}},{"type":"Feature","geometry":{"type":"Point","coordinates":[-126.4404,54.5979]},"properties":{"source":"cwfis","country":"CA","agency":"BC","sensor":"VIIRS-I · NOAA-21","detected":"2026-10-10T20:26:00Z","intensity":0,"area_ha":null,"level":0}},{"type":"Feature","geometry":{"type":"Point","coordinates":[-126.446,54.5966]},"properties":{"source":"cwfis","country":"CA","agency":"BC","sensor":"VIIRS-I · NOAA-21","detected":"2026-10-10T20:26:00Z","intensity":0,"area_ha":null,"level":0}},{"type":"Feature","geometry":{"type":"Point","coordinates":[-126.4485,54.6004]},"properties":{"source":"cwfis","country":"CA","agency":"BC","sensor":"VIIRS-I · NOAA-21","detected":"2026-10-10T20:26:00Z","intensity":0,"area_ha":null,"level":0}},{"type":"Feature","geometry":{"type":"Point","coordinates":[-126.6759,54.8432]},"properties":{"source":"cwfis","country":"CA","agency":"BC","sensor":"VIIRS-I · NOAA-21","detected":"2026-10-10T20:26:00Z","intensity":0,"area_ha":null,"level":0}},{"type":"Feature","geometry":{"type":"Point","coordinates":[-126.6836,54.8457]},"properties":{"source":"cwfis","country":"CA","agency":"BC","sensor":"VIIRS-I · NOAA-21","detected":"2026-10-10T20:26:00Z","intensity":0,"area_ha":null,"level":0}},{"type":"Feature","geometry":{"type":"Point","coordinates":[-126.6864,54.8494]},"properties":{"source":"cwfis","country":"CA","agency":"BC","sensor":"VIIRS-I · NOAA-21","detected":"2026-10-10T20:26:00Z","intensity":0,"area_ha":null,"level":0}},{"type":"Feature","geometry":{"type":"Point","coordinates":[-126.6915,54.8482]},"properties":{"source":"cwfis","country":"CA","agency":"BC","sensor":"VIIRS-I · NOAA-21","detected":"2026-10-10T20:26:00Z","intensity":0,"area_ha":null,"level":0}},{"type":"Feature","geometry":{"type":"Point","coordinates":[-126.5904,54.9704]},"properties":{"source":"cwfis","country":"CA","agency":"BC","sensor":"VIIRS-I · NOAA-21","detected":"2026-10-10T20:26:00Z","intensity":0,"area_ha":null,"level":0}},{"type":"Feature","geometry":{"type":"Point","coordinates":[-124.3071,54.0853]},"properties":{"source":"cwfis","country":"CA","agency":"BC","sensor":"VIIRS-I · NOAA-21","detected":"2026-10-10T20:26:00Z","intensity":23,"area_ha":null,"level":0}},{"type":"Feature","geometry":{"type":"Point","coordinates":[-123.9323,53.9868]},"properties":{"source":"cwfis","country":"CA","agency":"BC","sensor":"VIIRS-I · NOAA-21","detected":"2026-10-10T20:26:00Z","intensity":30,"area_ha":null,"level":0}},{"type":"Feature","geometry":{"type":"Point","coordinates":[-121.7732,56.2836]},"properties":{"source":"cwfis","country":"CA","agency":"BC","sensor":"VIIRS-I · NOAA-21","detected":"2026-10-10T20:26:00Z","intensity":0,"area_ha":null,"level":0}},{"type":"Feature","geometry":{"type":"Point","coordinates":[-126.7947,55.1667]},"properties":{"source":"cwfis","country":"CA","agency":"BC","sensor":"VIIRS-I · NOAA-21","detected":"2026-10-10T20:26:00Z","intensity":0,"area_ha":null,"level":0}}]}